lineitem#0#"[{""Plan"": {""Node Type"": ""Seq Scan"", ""Parallel Aware"": false, ""Relation Name"": ""lineitem"", ""Alias"": ""lineitem"", ""Startup Cost"": 0.0, ""Total Cost"": 187519.01, ""Plan Rows"": 3201083, ""Plan Width"": 121, ""Filter"": ""(l_quantity > '23'::numeric)""}}]"#2921
lineitem#1#"[{""Plan"": {""Node Type"": ""Gather"", ""Parallel Aware"": false, ""Startup Cost"": 1000.0, ""Total Cost"": 144759.77, ""Plan Rows"": 1, ""Plan Width"": 121, ""Workers Planned"": 2, ""Single Copy"": false, ""Plans"": [{""Node Type"": ""Seq Scan"", ""Parent Relationship"": ""Outer"", ""Parallel Aware"": true, ""Relation Name"": ""lineitem"", ""Alias"": ""lineitem"", ""Startup Cost"": 0.0, ""Total Cost"": 143759.67, ""Plan Rows"": 1, ""Plan Width"": 121, ""Filter"": ""(l_quantity > '60'::numeric)""}]}}]"#5641
lineitem#2#"[{""Plan"": {""Node Type"": ""Gather"", ""Parallel Aware"": false, ""Startup Cost"": 1000.0, ""Total Cost"": 144759.77, ""Plan Rows"": 1, ""Plan Width"": 121, ""Workers Planned"": 2, ""Single Copy"": false, ""Plans"": [{""Node Type"": ""Seq Scan"", ""Parent Relationship"": ""Outer"", ""Parallel Aware"": true, ""Relation Name"": ""lineitem"", ""Alias"": ""lineitem"", ""Startup Cost"": 0.0, ""Total Cost"": 143759.67, ""Plan Rows"": 1, ""Plan Width"": 121, ""Filter"": ""(l_quantity > '93'::numeric)""}]}}]"#3066
lineitem#3#"[{""Plan"": {""Node Type"": ""Gather"", ""Parallel Aware"": false, ""Startup Cost"": 1000.0, ""Total Cost"": 144759.77, ""Plan Rows"": 1, ""Plan Width"": 121, ""Workers Planned"": 2, ""Single Copy"": false, ""Plans"": [{""Node Type"": ""Seq Scan"", ""Parent Relationship"": ""Outer"", ""Parallel Aware"": true, ""Relation Name"": ""lineitem"", ""Alias"": ""lineitem"", ""Startup Cost"": 0.0, ""Total Cost"": 143759.67, ""Plan Rows"": 1, ""Plan Width"": 121, ""Filter"": ""(l_quantity > '61'::numeric)""}]}}]"#4112
lineitem#4#"[{""Plan"": {""Node Type"": ""Gather"", ""Parallel Aware"": false, ""Startup Cost"": 1000.0, ""Total Cost"": 144759.77, ""Plan Rows"": 1, ""Plan Width"": 121, ""Workers Planned"": 2, ""Single Copy"": false, ""Plans"": [{""Node Type"": ""Seq Scan"", ""Parent Relationship"": ""Outer"", ""Parallel Aware"": true, ""Relation Name"": ""lineitem"", ""Alias"": ""lineitem"", ""Startup Cost"": 0.0, ""Total Cost"": 143759.67, ""Plan Rows"": 1, ""Plan Width"": 121, ""Filter"": ""(l_quantity > '74'::numeric)""}]}}]"#6065
orders,lineitem#5#"[{""Plan"": {""Node Type"": ""Seq Scan"", ""Parallel Aware"": false, ""Relation Name"": ""orders"", ""Alias"": ""orders"", ""Startup Cost"": 0.0, ""Total Cost"": 44845.0, ""Plan Rows"": 1464634, ""Plan Width"": 111, ""Filter"": ""(o_orderdate > '1992-02-27'::date)""}}]"#7692
orders,lineitem#6#"[{""Plan"": {""Node Type"": ""Seq Scan"", ""Parallel Aware"": false, ""Relation Name"": ""orders"", ""Alias"": ""orders"", ""Startup Cost"": 0.0, ""Total Cost"": 44845.0, ""Plan Rows"": 437235, ""Plan Width"": 111, ""Filter"": ""(o_orderdate > '1996-09-03'::date)""}}]"#7633
orders,lineitem#7#"[{""Plan"": {""Node Type"": ""Seq Scan"", ""Parallel Aware"": false, ""Relation Name"": ""orders"", ""Alias"": ""orders"", ""Startup Cost"": 0.0, ""Total Cost"": 44845.0, ""Plan Rows"": 1470338, ""Plan Width"": 111, ""Filter"": ""(o_orderdate > '1992-02-17'::date)""}}]"#4457
orders,lineitem#8#"[{""Plan"": {""Node Type"": ""Seq Scan"", ""Parallel Aware"": false, ""Relation Name"": ""orders"", ""Alias"": ""orders"", ""Startup Cost"": 0.0, ""Total Cost"": 44845.0, ""Plan Rows"": 1320792, ""Plan Width"": 111, ""Filter"": ""(o_orderdate > '1992-10-18'::date)""}}]"#8018
lineitem#9#"[{""Plan"": {""Node Type"": ""Seq Scan"", ""Parallel Aware"": false, ""Relation Name"": ""lineitem"", ""Alias"": ""lineitem"", ""Startup Cost"": 0.0, ""Total Cost"": 187519.01, ""Plan Rows"": 4551372, ""Plan Width"": 121, ""Filter"": ""(l_quantity > '12'::numeric)""}}]"#7656
lineitem#10#"[{""Plan"": {""Node Type"": ""Gather"", ""Parallel Aware"": false, ""Startup Cost"": 1000.0, ""Total Cost"": 144759.77, ""Plan Rows"": 1, ""Plan Width"": 121, ""Workers Planned"": 2, ""Single Copy"": false, ""Plans"": [{""Node Type"": ""Seq Scan"", ""Parent Relationship"": ""Outer"", ""Parallel Aware"": true, ""Relation Name"": ""lineitem"", ""Alias"": ""lineitem"", ""Startup Cost"": 0.0, ""Total Cost"": 143759.67, ""Plan Rows"": 1, ""Plan Width"": 121, ""Filter"": ""(l_quantity > '70'::numeric)""}]}}]"#5836
lineitem#11#"[{""Plan"": {""Node Type"": ""Gather"", ""Parallel Aware"": false, ""Startup Cost"": 1000.0, ""Total Cost"": 144759.77, ""Plan Rows"": 1, ""Plan Width"": 121, ""Workers Planned"": 2, ""Single Copy"": false, ""Plans"": [{""Node Type"": ""Seq Scan"", ""Parent Relationship"": ""Outer"", ""Parallel Aware"": true, ""Relation Name"": ""lineitem"", ""Alias"": ""lineitem"", ""Startup Cost"": 0.0, ""Total Cost"": 143759.67, ""Plan Rows"": 1, ""Plan Width"": 121, ""Filter"": ""(l_quantity > '95'::numeric)""}]}}]"#5315
orders,lineitem#12#"[{""Plan"": {""Node Type"": ""Seq Scan"", ""Parallel Aware"": false, ""Relation Name"": ""orders"", ""Alias"": ""orders"", ""Startup Cost"": 0.0, ""Total Cost"": 44845.0, ""Plan Rows"": 1498788, ""Plan Width"": 111, ""Filter"": ""(o_orderdate > '1992-01-02'::date)""}}]"#2834
orders,lineitem#13#"[{""Plan"": {""Node Type"": ""Seq Scan"", ""Parallel Aware"": false, ""Relation Name"": ""orders"", ""Alias"": ""orders"", ""Startup Cost"": 0.0, ""Total Cost"": 44845.0, ""Plan Rows"": 302913, ""Plan Width"": 111, ""Filter"": ""(o_orderdate > '1997-04-03'::date)""}}]"#1521
lineitem#14#"[{""Plan"": {""Node Type"": ""Gather"", ""Parallel Aware"": false, ""Startup Cost"": 1000.0, ""Total Cost"": 144759.77, ""Plan Rows"": 1, ""Plan Width"": 121, ""Workers Planned"": 2, ""Single Copy"": false, ""Plans"": [{""Node Type"": ""Seq Scan"", ""Parent Relationship"": ""Outer"", ""Parallel Aware"": true, ""Relation Name"": ""lineitem"", ""Alias"": ""lineitem"", ""Startup Cost"": 0.0, ""Total Cost"": 143759.67, ""Plan Rows"": 1, ""Plan Width"": 121, ""Filter"": ""(l_quantity > '92'::numeric)""}]}}]"#4506
lineitem#15#"[{""Plan"": {""Node Type"": ""Gather"", ""Parallel Aware"": false, ""Startup Cost"": 1000.0, ""Total Cost"": 144759.77, ""Plan Rows"": 1, ""Plan Width"": 121, ""Workers Planned"": 2, ""Single Copy"": false, ""Plans"": [{""Node Type"": ""Seq Scan"", ""Parent Relationship"": ""Outer"", ""Parallel Aware"": true, ""Relation Name"": ""lineitem"", ""Alias"": ""lineitem"", ""Startup Cost"": 0.0, ""Total Cost"": 143759.67, ""Plan Rows"": 1, ""Plan Width"": 121, ""Filter"": ""(l_quantity > '54'::numeric)""}]}}]"#9804
orders,lineitem#16#"[{""Plan"": {""Node Type"": ""Seq Scan"", ""Parallel Aware"": false, ""Relation Name"": ""orders"", ""Alias"": ""orders"", ""Startup Cost"": 0.0, ""Total Cost"": 44845.0, ""Plan Rows"": 1075729, ""Plan Width"": 111, ""Filter"": ""(o_orderdate > '1993-11-20'::date)""}}]"#1007
lineitem#17#"[{""Plan"": {""Node Type"": ""Seq Scan"", ""Parallel Aware"": false, ""Relation Name"": ""lineitem"", ""Alias"": ""lineitem"", ""Startup Cost"": 0.0, ""Total Cost"": 187519.01, ""Plan Rows"": 831978, ""Plan Width"": 121, ""Filter"": ""(l_quantity > '43'::numeric)""}}]"#2380
orders,lineitem#18#"[{""Plan"": {""Node Type"": ""Seq Scan"", ""Parallel Aware"": false, ""Relation Name"": ""orders"", ""Alias"": ""orders"", ""Startup Cost"": 0.0, ""Total Cost"": 44845.0, ""Plan Rows"": 1324500, ""Plan Width"": 111, ""Filter"": ""(o_orderdate > '1992-10-12'::date)""}}]"#8259
orders,lineitem#19#"[{""Plan"": {""Node Type"": ""Seq Scan"", ""Parallel Aware"": false, ""Relation Name"": ""orders"", ""Alias"": ""orders"", ""Startup Cost"": 0.0, ""Total Cost"": 44845.0, ""Plan Rows"": 1263526, ""Plan Width"": 111, ""Filter"": ""(o_orderdate > '1993-01-18'::date)""}}]"#4398
orders,lineitem#20#"[{""Plan"": {""Node Type"": ""Seq Scan"", ""Parallel Aware"": false, ""Relation Name"": ""orders"", ""Alias"": ""orders"", ""Startup Cost"": 0.0, ""Total Cost"": 44845.0, ""Plan Rows"": 1254089, ""Plan Width"": 111, ""Filter"": ""(o_orderdate > '1993-02-02'::date)""}}]"#4424
orders,lineitem#21#"[{""Plan"": {""Node Type"": ""Seq Scan"", ""Parallel Aware"": false, ""Relation Name"": ""orders"", ""Alias"": ""orders"", ""Startup Cost"": 0.0, ""Total Cost"": 44845.0, ""Plan Rows"": 683260, ""Plan Width"": 111, ""Filter"": ""(o_orderdate > '1995-08-02'::date)""}}]"#4072
orders,lineitem#22#"[{""Plan"": {""Node Type"": ""Seq Scan"", ""Parallel Aware"": false, ""Relation Name"": ""orders"", ""Alias"": ""orders"", ""Startup Cost"": 0.0, ""Total Cost"": 44845.0, ""Plan Rows"": 1337504, ""Plan Width"": 111, ""Filter"": ""(o_orderdate > '1992-09-21'::date)""}}]"#4595
lineitem#23#"[{""Plan"": {""Node Type"": ""Gather"", ""Parallel Aware"": false, ""Startup Cost"": 1000.0, ""Total Cost"": 144759.77, ""Plan Rows"": 1, ""Plan Width"": 121, ""Workers Planned"": 2, ""Single Copy"": false, ""Plans"": [{""Node Type"": ""Seq Scan"", ""Parent Relationship"": ""Outer"", ""Parallel Aware"": true, ""Relation Name"": ""lineitem"", ""Alias"": ""lineitem"", ""Startup Cost"": 0.0, ""Total Cost"": 143759.67, ""Plan Rows"": 1, ""Plan Width"": 121, ""Filter"": ""(l_quantity > '89'::numeric)""}]}}]"#8524
lineitem#24#"[{""Plan"": {""Node Type"": ""Gather"", ""Parallel Aware"": false, ""Startup Cost"": 1000.0, ""Total Cost"": 144759.77, ""Plan Rows"": 1, ""Plan Width"": 121, ""Workers Planned"": 2, ""Single Copy"": false, ""Plans"": [{""Node Type"": ""Seq Scan"", ""Parent Relationship"": ""Outer"", ""Parallel Aware"": true, ""Relation Name"": ""lineitem"", ""Alias"": ""lineitem"", ""Startup Cost"": 0.0, ""Total Cost"": 143759.67, ""Plan Rows"": 1, ""Plan Width"": 121, ""Filter"": ""(l_quantity > '51'::numeric)""}]}}]"#3035
lineitem#25#"[{""Plan"": {""Node Type"": ""Gather"", ""Parallel Aware"": false, ""Startup Cost"": 1000.0, ""Total Cost"": 144759.77, ""Plan Rows"": 1, ""Plan Width"": 121, ""Workers Planned"": 2, ""Single Copy"": false, ""Plans"": [{""Node Type"": ""Seq Scan"", ""Parent Relationship"": ""Outer"", ""Parallel Aware"": true, ""Relation Name"": ""lineitem"", ""Alias"": ""lineitem"", ""Startup Cost"": 0.0, ""Total Cost"": 143759.67, ""Plan Rows"": 1, ""Plan Width"": 121, ""Filter"": ""(l_quantity > '64'::numeric)""}]}}]"#9792
lineitem#26#"[{""Plan"": {""Node Type"": ""Seq Scan"", ""Parallel Aware"": false, ""Relation Name"": ""lineitem"", ""Alias"": ""lineitem"", ""Startup Cost"": 0.0, ""Total Cost"": 187519.01, ""Plan Rows"": 473501, ""Plan Width"": 121, ""Filter"": ""(l_quantity > '46'::numeric)""}}]"#2403
orders,lineitem#27#"[{""Plan"": {""Node Type"": ""Seq Scan"", ""Parallel Aware"": false, ""Relation Name"": ""orders"", ""Alias"": ""orders"", ""Startup Cost"": 0.0, ""Total Cost"": 44845.0, ""Plan Rows"": 927058, ""Plan Width"": 111, ""Filter"": ""(o_orderdate > '1994-07-17'::date)""}}]"#3442
orders,lineitem#28#"[{""Plan"": {""Node Type"": ""Seq Scan"", ""Parallel Aware"": false, ""Relation Name"": ""orders"", ""Alias"": ""orders"", ""Startup Cost"": 0.0, ""Total Cost"": 44845.0, ""Plan Rows"": 1274313, ""Plan Width"": 111, ""Filter"": ""(o_orderdate > '1993-01-02'::date)""}}]"#4551
lineitem#29#"[{""Plan"": {""Node Type"": ""Gather"", ""Parallel Aware"": false, ""Startup Cost"": 1000.0, ""Total Cost"": 144759.77, ""Plan Rows"": 1, ""Plan Width"": 121, ""Workers Planned"": 2, ""Single Copy"": false, ""Plans"": [{""Node Type"": ""Seq Scan"", ""Parent Relationship"": ""Outer"", ""Parallel Aware"": true, ""Relation Name"": ""lineitem"", ""Alias"": ""lineitem"", ""Startup Cost"": 0.0, ""Total Cost"": 143759.67, ""Plan Rows"": 1, ""Plan Width"": 121, ""Filter"": ""(l_quantity > '65'::numeric)""}]}}]"#3166
orders,lineitem#30#"[{""Plan"": {""Node Type"": ""Seq Scan"", ""Parallel Aware"": false, ""Relation Name"": ""orders"", ""Alias"": ""orders"", ""Startup Cost"": 0.0, ""Total Cost"": 44845.0, ""Plan Rows"": 1039715, ""Plan Width"": 111, ""Filter"": ""(o_orderdate > '1994-01-18'::date)""}}]"#1787
orders,lineitem#31#"[{""Plan"": {""Node Type"": ""Seq Scan"", ""Parallel Aware"": false, ""Relation Name"": ""orders"", ""Alias"": ""orders"", ""Startup Cost"": 0.0, ""Total Cost"": 44845.0, ""Plan Rows"": 135199, ""Plan Width"": 111, ""Filter"": ""(o_orderdate > '1997-12-24'::date)""}}]"#8180
lineitem#32#"[{""Plan"": {""Node Type"": ""Gather"", ""Parallel Aware"": false, ""Startup Cost"": 1000.0, ""Total Cost"": 179667.17, ""Plan Rows"": 349075, ""Plan Width"": 121, ""Workers Planned"": 2, ""Single Copy"": false, ""Plans"": [{""Node Type"": ""Seq Scan"", ""Parent Relationship"": ""Outer"", ""Parallel Aware"": true, ""Relation Name"": ""lineitem"", ""Alias"": ""lineitem"", ""Startup Cost"": 0.0, ""Total Cost"": 143759.67, ""Plan Rows"": 145448, ""Plan Width"": 121, ""Filter"": ""(l_quantity > '47'::numeric)""}]}}]"#1083
orders,lineitem#33#"[{""Plan"": {""Node Type"": ""Seq Scan"", ""Parallel Aware"": false, ""Relation Name"": ""orders"", ""Alias"": ""orders"", ""Startup Cost"": 0.0, ""Total Cost"": 44845.0, ""Plan Rows"": 1223191, ""Plan Width"": 111, ""Filter"": ""(o_orderdate > '1993-03-23'::date)""}}]"#7781
lineitem#34#"[{""Plan"": {""Node Type"": ""Gather"", ""Parallel Aware"": false, ""Startup Cost"": 1000.0, ""Total Cost"": 144759.77, ""Plan Rows"": 1, ""Plan Width"": 121, ""Workers Planned"": 2, ""Single Copy"": false, ""Plans"": [{""Node Type"": ""Seq Scan"", ""Parent Relationship"": ""Outer"", ""Parallel Aware"": true, ""Relation Name"": ""lineitem"", ""Alias"": ""lineitem"", ""Startup Cost"": 0.0, ""Total Cost"": 143759.67, ""Plan Rows"": 1, ""Plan Width"": 121, ""Filter"": ""(l_quantity > '75'::numeric)""}]}}]"#9051
lineitem#35#"[{""Plan"": {""Node Type"": ""Seq Scan"", ""Parallel Aware"": false, ""Relation Name"": ""lineitem"", ""Alias"": ""lineitem"", ""Startup Cost"": 0.0, ""Total Cost"": 187519.01, ""Plan Rows"": 2348101, ""Plan Width"": 121, ""Filter"": ""(l_quantity > '30'::numeric)""}}]"#2893
orders,lineitem#36#"[{""Plan"": {""Node Type"": ""Seq Scan"", ""Parallel Aware"": false, ""Relation Name"": ""orders"", ""Alias"": ""orders"", ""Startup Cost"": 0.0, ""Total Cost"": 44845.0, ""Plan Rows"": 1087124, ""Plan Width"": 111, ""Filter"": ""(o_orderdate > '1993-11-02'::date)""}}]"#8880
lineitem#37#"[{""Plan"": {""Node Type"": ""Seq Scan"", ""Parallel Aware"": false, ""Relation Name"": ""lineitem"", ""Alias"": ""lineitem"", ""Startup Cost"": 0.0, ""Total Cost"": 187519.01, ""Plan Rows"": 589926, ""Plan Width"": 121, ""Filter"": ""(l_quantity > '45'::numeric)""}}]"#3334
orders,lineitem#38#"[{""Plan"": {""Node Type"": ""Seq Scan"", ""Parallel Aware"": false, ""Relation Name"": ""orders"", ""Alias"": ""orders"", ""Startup Cost"": 0.0, ""Total Cost"": 44845.0, ""Plan Rows"": 484411, ""Plan Width"": 111, ""Filter"": ""(o_orderdate > '1996-06-18'::date)""}}]"#539
lineitem#39#"[{""Plan"": {""Node Type"": ""Gather"", ""Parallel Aware"": false, ""Startup Cost"": 1000.0, ""Total Cost"": 144759.77, ""Plan Rows"": 1, ""Plan Width"": 121, ""Workers Planned"": 2, ""Single Copy"": false, ""Plans"": [{""Node Type"": ""Seq Scan"", ""Parent Relationship"": ""Outer"", ""Parallel Aware"": true, ""Relation Name"": ""lineitem"", ""Alias"": ""lineitem"", ""Startup Cost"": 0.0, ""Total Cost"": 143759.67, ""Plan Rows"": 1, ""Plan Width"": 121, ""Filter"": ""(l_quantity > '76'::numeric)""}]}}]"#98
orders,lineitem#40#"[{""Plan"": {""Node Type"": ""Seq Scan"", ""Parallel Aware"": false, ""Relation Name"": ""orders"", ""Alias"": ""orders"", ""Startup Cost"": 0.0, ""Total Cost"": 44845.0, ""Plan Rows"": 358610, ""Plan Width"": 111, ""Filter"": ""(o_orderdate > '1997-01-05'::date)""}}]"#3218
orders,lineitem#41#"[{""Plan"": {""Node Type"": ""Gather"", ""Parallel Aware"": false, ""Startup Cost"": 1000.0, ""Total Cost"": 34922.3, ""Plan Rows"": 148, ""Plan Width"": 111, ""Workers Planned"": 2, ""Single Copy"": false, ""Plans"": [{""Node Type"": ""Seq Scan"", ""Parent Relationship"": ""Outer"", ""Parallel Aware"": true, ""Relation Name"": ""orders"", ""Alias"": ""orders"", ""Startup Cost"": 0.0, ""Total Cost"": 33907.5, ""Plan Rows"": 62, ""Plan Width"": 111, ""Filter"": ""(o_orderdate > '1998-11-03'::date)""}]}}]"#9528
orders,lineitem#42#"[{""Plan"": {""Node Type"": ""Seq Scan"", ""Parallel Aware"": false, ""Relation Name"": ""orders"", ""Alias"": ""orders"", ""Startup Cost"": 0.0, ""Total Cost"": 44845.0, ""Plan Rows"": 732274, ""Plan Width"": 111, ""Filter"": ""(o_orderdate > '1995-05-18'::date)""}}]"#4155
orders,lineitem#43#"[{""Plan"": {""Node Type"": ""Seq Scan"", ""Parallel Aware"": false, ""Relation Name"": ""orders"", ""Alias"": ""orders"", ""Startup Cost"": 0.0, ""Total Cost"": 44845.0, ""Plan Rows"": 1411014, ""Plan Width"": 111, ""Filter"": ""(o_orderdate > '1992-05-24'::date)""}}]"#2842
orders,lineitem#44#"[{""Plan"": {""Node Type"": ""Seq Scan"", ""Parallel Aware"": false, ""Relation Name"": ""orders"", ""Alias"": ""orders"", ""Startup Cost"": 0.0, ""Total Cost"": 44845.0, ""Plan Rows"": 335628, ""Plan Width"": 111, ""Filter"": ""(o_orderdate > '1997-02-11'::date)""}}]"#871
orders,lineitem#45#"[{""Plan"": {""Node Type"": ""Seq Scan"", ""Parallel Aware"": false, ""Relation Name"": ""orders"", ""Alias"": ""orders"", ""Startup Cost"": 0.0, ""Total Cost"": 44845.0, ""Plan Rows"": 138052, ""Plan Width"": 111, ""Filter"": ""(o_orderdate > '1997-12-19'::date)""}}]"#6935
lineitem#46#"[{""Plan"": {""Node Type"": ""Seq Scan"", ""Parallel Aware"": false, ""Relation Name"": ""lineitem"", ""Alias"": ""lineitem"", ""Startup Cost"": 0.0, ""Total Cost"": 187519.01, ""Plan Rows"": 1278273, ""Plan Width"": 121, ""Filter"": ""(l_quantity > '39'::numeric)""}}]"#4370
lineitem#47#"[{""Plan"": {""Node Type"": ""Seq Scan"", ""Parallel Aware"": false, ""Relation Name"": ""lineitem"", ""Alias"": ""lineitem"", ""Startup Cost"": 0.0, ""Total Cost"": 187519.01, ""Plan Rows"": 5507376, ""Plan Width"": 121, ""Filter"": ""(l_quantity > '4'::numeric)""}}]"#6414
orders,lineitem#48#"[{""Plan"": {""Node Type"": ""Gather"", ""Parallel Aware"": false, ""Startup Cost"": 1000.0, ""Total Cost"": 34922.3, ""Plan Rows"": 148, ""Plan Width"": 111, ""Workers Planned"": 2, ""Single Copy"": false, ""Plans"": [{""Node Type"": ""Seq Scan"", ""Parent Relationship"": ""Outer"", ""Parallel Aware"": true, ""Relation Name"": ""orders"", ""Alias"": ""orders"", ""Startup Cost"": 0.0, ""Total Cost"": 33907.5, ""Plan Rows"": 62, ""Plan Width"": 111, ""Filter"": ""(o_orderdate > '1998-08-10'::date)""}]}}]"#3827
lineitem#49#"[{""Plan"": {""Node Type"": ""Gather"", ""Parallel Aware"": false, ""Startup Cost"": 1000.0, ""Total Cost"": 144759.77, ""Plan Rows"": 1, ""Plan Width"": 121, ""Workers Planned"": 2, ""Single Copy"": false, ""Plans"": [{""Node Type"": ""Seq Scan"", ""Parent Relationship"": ""Outer"", ""Parallel Aware"": true, ""Relation Name"": ""lineitem"", ""Alias"": ""lineitem"", ""Startup Cost"": 0.0, ""Total Cost"": 143759.67, ""Plan Rows"": 1, ""Plan Width"": 121, ""Filter"": ""(l_quantity > '92'::numeric)""}]}}]"#8062
orders,lineitem#50#"[{""Plan"": {""Node Type"": ""Gather"", ""Parallel Aware"": false, ""Startup Cost"": 1000.0, ""Total Cost"": 34922.3, ""Plan Rows"": 148, ""Plan Width"": 111, ""Workers Planned"": 2, ""Single Copy"": false, ""Plans"": [{""Node Type"": ""Seq Scan"", ""Parent Relationship"": ""Outer"", ""Parallel Aware"": true, ""Relation Name"": ""orders"", ""Alias"": ""orders"", ""Startup Cost"": 0.0, ""Total Cost"": 33907.5, ""Plan Rows"": 62, ""Plan Width"": 111, ""Filter"": ""(o_orderdate > '1998-11-22'::date)""}]}}]"#9701
lineitem#51#"[{""Plan"": {""Node Type"": ""Seq Scan"", ""Parallel Aware"": false, ""Relation Name"": ""lineitem"", ""Alias"": ""lineitem"", ""Startup Cost"": 0.0, ""Total Cost"": 187519.01, ""Plan Rows"": 713152, ""Plan Width"": 121, ""Filter"": ""(l_quantity > '44'::numeric)""}}]"#584
lineitem#52#"[{""Plan"": {""Node Type"": ""Seq Scan"", ""Parallel Aware"": false, ""Relation Name"": ""lineitem"", ""Alias"": ""lineitem"", ""Startup Cost"": 0.0, ""Total Cost"": 187519.01, ""Plan Rows"": 5271525, ""Plan Width"": 121, ""Filter"": ""(l_quantity > '6'::numeric)""}}]"#5528
orders,lineitem#53#"[{""Plan"": {""Node Type"": ""Seq Scan"", ""Parallel Aware"": false, ""Relation Name"": ""orders"", ""Alias"": ""orders"", ""Startup Cost"": 0.0, ""Total Cost"": 44845.0, ""Plan Rows"": 443168, ""Plan Width"": 111, ""Filter"": ""(o_orderdate > '1996-08-24'::date)""}}]"#3596
orders,lineitem#54#"[{""Plan"": {""Node Type"": ""Seq Scan"", ""Parallel Aware"": false, ""Relation Name"": ""orders"", ""Alias"": ""orders"", ""Startup Cost"": 0.0, ""Total Cost"": 44845.0, ""Plan Rows"": 1176563, ""Plan Width"": 111, ""Filter"": ""(o_orderdate > '1993-06-07'::date)""}}]"#5514
orders,lineitem#55#"[{""Plan"": {""Node Type"": ""Seq Scan"", ""Parallel Aware"": false, ""Relation Name"": ""orders"", ""Alias"": ""orders"", ""Startup Cost"": 0.0, ""Total Cost"": 44845.0, ""Plan Rows"": 167913, ""Plan Width"": 111, ""Filter"": ""(o_orderdate > '1997-11-04'::date)""}}]"#1859
orders,lineitem#56#"[{""Plan"": {""Node Type"": ""Seq Scan"", ""Parallel Aware"": false, ""Relation Name"": ""orders"", ""Alias"": ""orders"", ""Startup Cost"": 0.0, ""Total Cost"": 44845.0, ""Plan Rows"": 446134, ""Plan Width"": 111, ""Filter"": ""(o_orderdate > '1996-08-19'::date)""}}]"#4288
lineitem#57#"[{""Plan"": {""Node Type"": ""Gather"", ""Parallel Aware"": false, ""Startup Cost"": 1000.0, ""Total Cost"": 144759.77, ""Plan Rows"": 1, ""Plan Width"": 121, ""Workers Planned"": 2, ""Single Copy"": false, ""Plans"": [{""Node Type"": ""Seq Scan"", ""Parent Relationship"": ""Outer"", ""Parallel Aware"": true, ""Relation Name"": ""lineitem"", ""Alias"": ""lineitem"", ""Startup Cost"": 0.0, ""Total Cost"": 143759.67, ""Plan Rows"": 1, ""Plan Width"": 121, ""Filter"": ""(l_quantity > '51'::numeric)""}]}}]"#1905
lineitem#58#"[{""Plan"": {""Node Type"": ""Gather"", ""Parallel Aware"": false, ""Startup Cost"": 1000.0, ""Total Cost"": 144759.77, ""Plan Rows"": 1, ""Plan Width"": 121, ""Workers Planned"": 2, ""Single Copy"": false, ""Plans"": [{""Node Type"": ""Seq Scan"", ""Parent Relationship"": ""Outer"", ""Parallel Aware"": true, ""Relation Name"": ""lineitem"", ""Alias"": ""lineitem"", ""Startup Cost"": 0.0, ""Total Cost"": 143759.67, ""Plan Rows"": 1, ""Plan Width"": 121, ""Filter"": ""(l_quantity > '80'::numeric)""}]}}]"#9153
lineitem#59#"[{""Plan"": {""Node Type"": ""Gather"", ""Parallel Aware"": false, ""Startup Cost"": 1000.0, ""Total Cost"": 144759.77, ""Plan Rows"": 1, ""Plan Width"": 121, ""Workers Planned"": 2, ""Single Copy"": false, ""Plans"": [{""Node Type"": ""Seq Scan"", ""Parent Relationship"": ""Outer"", ""Parallel Aware"": true, ""Relation Name"": ""lineitem"", ""Alias"": ""lineitem"", ""Startup Cost"": 0.0, ""Total Cost"": 143759.67, ""Plan Rows"": 1, ""Plan Width"": 121, ""Filter"": ""(l_quantity > '59'::numeric)""}]}}]"#2708
lineitem#60#"[{""Plan"": {""Node Type"": ""Seq Scan"", ""Parallel Aware"": false, ""Relation Name"": ""lineitem"", ""Alias"": ""lineitem"", ""Startup Cost"": 0.0, ""Total Cost"": 187519.01, ""Plan Rows"": 2107050, ""Plan Width"": 121, ""Filter"": ""(l_quantity > '32'::numeric)""}}]"#5328
orders,lineitem#61#"[{""Plan"": {""Node Type"": ""Seq Scan"", ""Parallel Aware"": false, ""Relation Name"": ""orders"", ""Alias"": ""orders"", ""Startup Cost"": 0.0, ""Total Cost"": 44845.0, ""Plan Rows"": 1164532, ""Plan Width"": 111, ""Filter"": ""(o_orderdate > '1993-06-27'::date)""}}]"#5575
orders,lineitem#62#"[{""Plan"": {""Node Type"": ""Seq Scan"", ""Parallel Aware"": false, ""Relation Name"": ""orders"", ""Alias"": ""orders"", ""Startup Cost"": 0.0, ""Total Cost"": 44845.0, ""Plan Rows"": 1373319, ""Plan Width"": 111, ""Filter"": ""(o_orderdate > '1992-07-24'::date)""}}]"#1896
lineitem#63#"[{""Plan"": {""Node Type"": ""Gather"", ""Parallel Aware"": false, ""Startup Cost"": 1000.0, ""Total Cost"": 144759.77, ""Plan Rows"": 1, ""Plan Width"": 121, ""Workers Planned"": 2, ""Single Copy"": false, ""Plans"": [{""Node Type"": ""Seq Scan"", ""Parent Relationship"": ""Outer"", ""Parallel Aware"": true, ""Relation Name"": ""lineitem"", ""Alias"": ""lineitem"", ""Startup Cost"": 0.0, ""Total Cost"": 143759.67, ""Plan Rows"": 1, ""Plan Width"": 121, ""Filter"": ""(l_quantity > '89'::numeric)""}]}}]"#1991
lineitem#64#"[{""Plan"": {""Node Type"": ""Seq Scan"", ""Parallel Aware"": false, ""Relation Name"": ""lineitem"", ""Alias"": ""lineitem"", ""Startup Cost"": 0.0, ""Total Cost"": 187519.01, ""Plan Rows"": 2348101, ""Plan Width"": 121, ""Filter"": ""(l_quantity > '30'::numeric)""}}]"#5498
orders,lineitem#65#"[{""Plan"": {""Node Type"": ""Seq Scan"", ""Parallel Aware"": false, ""Relation Name"": ""orders"", ""Alias"": ""orders"", ""Startup Cost"": 0.0, ""Total Cost"": 44845.0, ""Plan Rows"": 1177911, ""Plan Width"": 111, ""Filter"": ""(o_orderdate > '1993-06-05'::date)""}}]"#4224
orders,lineitem#66#"[{""Plan"": {""Node Type"": ""Seq Scan"", ""Parallel Aware"": false, ""Relation Name"": ""orders"", ""Alias"": ""orders"", ""Startup Cost"": 0.0, ""Total Cost"": 44845.0, ""Plan Rows"": 739016, ""Plan Width"": 111, ""Filter"": ""(o_orderdate > '1995-05-08'::date)""}}]"#2272
lineitem#67#"[{""Plan"": {""Node Type"": ""Gather"", ""Parallel Aware"": false, ""Startup Cost"": 1000.0, ""Total Cost"": 144759.77, ""Plan Rows"": 1, ""Plan Width"": 121, ""Workers Planned"": 2, ""Single Copy"": false, ""Plans"": [{""Node Type"": ""Seq Scan"", ""Parent Relationship"": ""Outer"", ""Parallel Aware"": true, ""Relation Name"": ""lineitem"", ""Alias"": ""lineitem"", ""Startup Cost"": 0.0, ""Total Cost"": 143759.67, ""Plan Rows"": 1, ""Plan Width"": 121, ""Filter"": ""(l_quantity > '94'::numeric)""}]}}]"#2666
lineitem#68#"[{""Plan"": {""Node Type"": ""Gather"", ""Parallel Aware"": false, ""Startup Cost"": 1000.0, ""Total Cost"": 144759.77, ""Plan Rows"": 1, ""Plan Width"": 121, ""Workers Planned"": 2, ""Single Copy"": false, ""Plans"": [{""Node Type"": ""Seq Scan"", ""Parent Relationship"": ""Outer"", ""Parallel Aware"": true, ""Relation Name"": ""lineitem"", ""Alias"": ""lineitem"", ""Startup Cost"": 0.0, ""Total Cost"": 143759.67, ""Plan Rows"": 1, ""Plan Width"": 121, ""Filter"": ""(l_quantity > '69'::numeric)""}]}}]"#2555
orders,lineitem#69#"[{""Plan"": {""Node Type"": ""Gather"", ""Parallel Aware"": false, ""Startup Cost"": 1000.0, ""Total Cost"": 34922.3, ""Plan Rows"": 148, ""Plan Width"": 111, ""Workers Planned"": 2, ""Single Copy"": false, ""Plans"": [{""Node Type"": ""Seq Scan"", ""Parent Relationship"": ""Outer"", ""Parallel Aware"": true, ""Relation Name"": ""orders"", ""Alias"": ""orders"", ""Startup Cost"": 0.0, ""Total Cost"": 33907.5, ""Plan Rows"": 62, ""Plan Width"": 111, ""Filter"": ""(o_orderdate > '1998-08-09'::date)""}]}}]"#2585
lineitem#70#"[{""Plan"": {""Node Type"": ""Seq Scan"", ""Parallel Aware"": false, ""Relation Name"": ""lineitem"", ""Alias"": ""lineitem"", ""Startup Cost"": 0.0, ""Total Cost"": 187519.01, ""Plan Rows"": 473501, ""Plan Width"": 121, ""Filter"": ""(l_quantity > '46'::numeric)""}}]"#1395
lineitem#71#"[{""Plan"": {""Node Type"": ""Seq Scan"", ""Parallel Aware"": false, ""Relation Name"": ""lineitem"", ""Alias"": ""lineitem"", ""Startup Cost"": 0.0, ""Total Cost"": 187519.01, ""Plan Rows"": 1999627, ""Plan Width"": 121, ""Filter"": ""(l_quantity > '33'::numeric)""}}]"#4565
orders,lineitem#72#"[{""Plan"": {""Node Type"": ""Seq Scan"", ""Parallel Aware"": false, ""Relation Name"": ""orders"", ""Alias"": ""orders"", ""Startup Cost"": 0.0, ""Total Cost"": 44845.0, ""Plan Rows"": 1150684, ""Plan Width"": 111, ""Filter"": ""(o_orderdate > '1993-07-18'::date)""}}]"#8920
lineitem#73#"[{""Plan"": {""Node Type"": ""Seq Scan"", ""Parallel Aware"": false, ""Relation Name"": ""lineitem"", ""Alias"": ""lineitem"", ""Startup Cost"": 0.0, ""Total Cost"": 187519.01, ""Plan Rows"": 1999627, ""Plan Width"": 121, ""Filter"": ""(l_quantity > '33'::numeric)""}}]"#4841
lineitem#74#"[{""Plan"": {""Node Type"": ""Gather"", ""Parallel Aware"": false, ""Startup Cost"": 1000.0, ""Total Cost"": 144759.77, ""Plan Rows"": 1, ""Plan Width"": 121, ""Workers Planned"": 2, ""Single Copy"": false, ""Plans"": [{""Node Type"": ""Seq Scan"", ""Parent Relationship"": ""Outer"", ""Parallel Aware"": true, ""Relation Name"": ""lineitem"", ""Alias"": ""lineitem"", ""Startup Cost"": 0.0, ""Total Cost"": 143759.67, ""Plan Rows"": 1, ""Plan Width"": 121, ""Filter"": ""(l_quantity > '93'::numeric)""}]}}]"#4206
orders,lineitem#75#"[{""Plan"": {""Node Type"": ""Seq Scan"", ""Parallel Aware"": false, ""Relation Name"": ""orders"", ""Alias"": ""orders"", ""Startup Cost"": 0.0, ""Total Cost"": 44845.0, ""Plan Rows"": 665167, ""Plan Width"": 111, ""Filter"": ""(o_orderdate > '1995-09-01'::date)""}}]"#5462
lineitem#76#"[{""Plan"": {""Node Type"": ""Gather"", ""Parallel Aware"": false, ""Startup Cost"": 1000.0, ""Total Cost"": 144759.77, ""Plan Rows"": 1, ""Plan Width"": 121, ""Workers Planned"": 2, ""Single Copy"": false, ""Plans"": [{""Node Type"": ""Seq Scan"", ""Parent Relationship"": ""Outer"", ""Parallel Aware"": true, ""Relation Name"": ""lineitem"", ""Alias"": ""lineitem"", ""Startup Cost"": 0.0, ""Total Cost"": 143759.67, ""Plan Rows"": 1, ""Plan Width"": 121, ""Filter"": ""(l_quantity > '66'::numeric)""}]}}]"#6005
orders,lineitem#77#"[{""Plan"": {""Node Type"": ""Seq Scan"", ""Parallel Aware"": false, ""Relation Name"": ""orders"", ""Alias"": ""orders"", ""Startup Cost"": 0.0, ""Total Cost"": 44845.0, ""Plan Rows"": 593278, ""Plan Width"": 111, ""Filter"": ""(o_orderdate > '1995-12-23'::date)""}}]"#2046
lineitem#78#"[{""Plan"": {""Node Type"": ""Seq Scan"", ""Parallel Aware"": false, ""Relation Name"": ""lineitem"", ""Alias"": ""lineitem"", ""Startup Cost"": 0.0, ""Total Cost"": 187519.01, ""Plan Rows"": 5756029, ""Plan Width"": 121, ""Filter"": ""(l_quantity > '2'::numeric)""}}]"#130
orders,lineitem#79#"[{""Plan"": {""Node Type"": ""Seq Scan"", ""Parallel Aware"": false, ""Relation Name"": ""orders"", ""Alias"": ""orders"", ""Startup Cost"": 0.0, ""Total Cost"": 44845.0, ""Plan Rows"": 712033, ""Plan Width"": 111, ""Filter"": ""(o_orderdate > '1995-06-17'::date)""}}]"#7240
orders,lineitem#80#"[{""Plan"": {""Node Type"": ""Seq Scan"", ""Parallel Aware"": false, ""Relation Name"": ""orders"", ""Alias"": ""orders"", ""Startup Cost"": 0.0, ""Total Cost"": 44845.0, ""Plan Rows"": 1111483, ""Plan Width"": 111, ""Filter"": ""(o_orderdate > '1993-09-19'::date)""}}]"#5774
lineitem#81#"[{""Plan"": {""Node Type"": ""Gather"", ""Parallel Aware"": false, ""Startup Cost"": 1000.0, ""Total Cost"": 144759.77, ""Plan Rows"": 1, ""Plan Width"": 121, ""Workers Planned"": 2, ""Single Copy"": false, ""Plans"": [{""Node Type"": ""Seq Scan"", ""Parent Relationship"": ""Outer"", ""Parallel Aware"": true, ""Relation Name"": ""lineitem"", ""Alias"": ""lineitem"", ""Startup Cost"": 0.0, ""Total Cost"": 143759.67, ""Plan Rows"": 1, ""Plan Width"": 121, ""Filter"": ""(l_quantity > '60'::numeric)""}]}}]"#2142
orders,lineitem#82#"[{""Plan"": {""Node Type"": ""Seq Scan"", ""Parallel Aware"": false, ""Relation Name"": ""orders"", ""Alias"": ""orders"", ""Startup Cost"": 0.0, ""Total Cost"": 44845.0, ""Plan Rows"": 453970, ""Plan Width"": 111, ""Filter"": ""(o_orderdate > '1996-08-06'::date)""}}]"#6124
orders,lineitem#83#"[{""Plan"": {""Node Type"": ""Seq Scan"", ""Parallel Aware"": false, ""Relation Name"": ""orders"", ""Alias"": ""orders"", ""Startup Cost"": 0.0, ""Total Cost"": 44845.0, ""Plan Rows"": 1065644, ""Plan Width"": 111, ""Filter"": ""(o_orderdate > '1993-12-07'::date)""}}]"#6150
orders,lineitem#84#"[{""Plan"": {""Node Type"": ""Gather"", ""Parallel Aware"": false, ""Startup Cost"": 1000.0, ""Total Cost"": 36272.0, ""Plan Rows"": 13645, ""Plan Width"": 111, ""Workers Planned"": 2, ""Single Copy"": false, ""Plans"": [{""Node Type"": ""Seq Scan"", ""Parent Relationship"": ""Outer"", ""Parallel Aware"": true, ""Relation Name"": ""orders"", ""Alias"": ""orders"", ""Startup Cost"": 0.0, ""Total Cost"": 33907.5, ""Plan Rows"": 5685, ""Plan Width"": 111, ""Filter"": ""(o_orderdate > '1998-07-10'::date)""}]}}]"#3409
orders,lineitem#85#"[{""Plan"": {""Node Type"": ""Seq Scan"", ""Parallel Aware"": false, ""Relation Name"": ""orders"", ""Alias"": ""orders"", ""Startup Cost"": 0.0, ""Total Cost"": 44845.0, ""Plan Rows"": 1135130, ""Plan Width"": 111, ""Filter"": ""(o_orderdate > '1993-08-12'::date)""}}]"#1551
lineitem#86#"[{""Plan"": {""Node Type"": ""Gather"", ""Parallel Aware"": false, ""Startup Cost"": 1000.0, ""Total Cost"": 144759.77, ""Plan Rows"": 1, ""Plan Width"": 121, ""Workers Planned"": 2, ""Single Copy"": false, ""Plans"": [{""Node Type"": ""Seq Scan"", ""Parent Relationship"": ""Outer"", ""Parallel Aware"": true, ""Relation Name"": ""lineitem"", ""Alias"": ""lineitem"", ""Startup Cost"": 0.0, ""Total Cost"": 143759.67, ""Plan Rows"": 1, ""Plan Width"": 121, ""Filter"": ""(l_quantity > '98'::numeric)""}]}}]"#1746
lineitem#87#"[{""Plan"": {""Node Type"": ""Seq Scan"", ""Parallel Aware"": false, ""Relation Name"": ""lineitem"", ""Alias"": ""lineitem"", ""Startup Cost"": 0.0, ""Total Cost"": 187519.01, ""Plan Rows"": 2228676, ""Plan Width"": 121, ""Filter"": ""(l_quantity > '31'::numeric)""}}]"#2912
lineitem#88#"[{""Plan"": {""Node Type"": ""Gather"", ""Parallel Aware"": false, ""Startup Cost"": 1000.0, ""Total Cost"": 144759.77, ""Plan Rows"": 1, ""Plan Width"": 121, ""Workers Planned"": 2, ""Single Copy"": false, ""Plans"": [{""Node Type"": ""Seq Scan"", ""Parent Relationship"": ""Outer"", ""Parallel Aware"": true, ""Relation Name"": ""lineitem"", ""Alias"": ""lineitem"", ""Startup Cost"": 0.0, ""Total Cost"": 143759.67, ""Plan Rows"": 1, ""Plan Width"": 121, ""Filter"": ""(l_quantity > '67'::numeric)""}]}}]"#4513
orders,lineitem#89#"[{""Plan"": {""Node Type"": ""Seq Scan"", ""Parallel Aware"": false, ""Relation Name"": ""orders"", ""Alias"": ""orders"", ""Startup Cost"": 0.0, ""Total Cost"": 44845.0, ""Plan Rows"": 1278115, ""Plan Width"": 111, ""Filter"": ""(o_orderdate > '1992-12-27'::date)""}}]"#32
lineitem#90#"[{""Plan"": {""Node Type"": ""Seq Scan"", ""Parallel Aware"": false, ""Relation Name"": ""lineitem"", ""Alias"": ""lineitem"", ""Startup Cost"": 0.0, ""Total Cost"": 187519.01, ""Plan Rows"": 1278273, ""Plan Width"": 121, ""Filter"": ""(l_quantity > '39'::numeric)""}}]"#6762
orders,lineitem#91#"[{""Plan"": {""Node Type"": ""Seq Scan"", ""Parallel Aware"": false, ""Relation Name"": ""orders"", ""Alias"": ""orders"", ""Startup Cost"": 0.0, ""Total Cost"": 44845.0, ""Plan Rows"": 621655, ""Plan Width"": 111, ""Filter"": ""(o_orderdate > '1995-11-10'::date)""}}]"#4816
orders,lineitem#92#"[{""Plan"": {""Node Type"": ""Seq Scan"", ""Parallel Aware"": false, ""Relation Name"": ""orders"", ""Alias"": ""orders"", ""Startup Cost"": 0.0, ""Total Cost"": 44845.0, ""Plan Rows"": 910561, ""Plan Width"": 111, ""Filter"": ""(o_orderdate > '1994-08-12'::date)""}}]"#6039
lineitem#93#"[{""Plan"": {""Node Type"": ""Gather"", ""Parallel Aware"": false, ""Startup Cost"": 1000.0, ""Total Cost"": 144759.77, ""Plan Rows"": 1, ""Plan Width"": 121, ""Workers Planned"": 2, ""Single Copy"": false, ""Plans"": [{""Node Type"": ""Seq Scan"", ""Parent Relationship"": ""Outer"", ""Parallel Aware"": true, ""Relation Name"": ""lineitem"", ""Alias"": ""lineitem"", ""Startup Cost"": 0.0, ""Total Cost"": 143759.67, ""Plan Rows"": 1, ""Plan Width"": 121, ""Filter"": ""(l_quantity > '83'::numeric)""}]}}]"#5462
lineitem#94#"[{""Plan"": {""Node Type"": ""Gather"", ""Parallel Aware"": false, ""Startup Cost"": 1000.0, ""Total Cost"": 144759.77, ""Plan Rows"": 1, ""Plan Width"": 121, ""Workers Planned"": 2, ""Single Copy"": false, ""Plans"": [{""Node Type"": ""Seq Scan"", ""Parent Relationship"": ""Outer"", ""Parallel Aware"": true, ""Relation Name"": ""lineitem"", ""Alias"": ""lineitem"", ""Startup Cost"": 0.0, ""Total Cost"": 143759.67, ""Plan Rows"": 1, ""Plan Width"": 121, ""Filter"": ""(l_quantity > '58'::numeric)""}]}}]"#8677
orders,lineitem#95#"[{""Plan"": {""Node Type"": ""Seq Scan"", ""Parallel Aware"": false, ""Relation Name"": ""orders"", ""Alias"": ""orders"", ""Startup Cost"": 0.0, ""Total Cost"": 44845.0, ""Plan Rows"": 1488130, ""Plan Width"": 111, ""Filter"": ""(o_orderdate > '1992-01-20'::date)""}}]"#5
lineitem#96#"[{""Plan"": {""Node Type"": ""Seq Scan"", ""Parallel Aware"": false, ""Relation Name"": ""lineitem"", ""Alias"": ""lineitem"", ""Startup Cost"": 0.0, ""Total Cost"": 187519.01, ""Plan Rows"": 1999627, ""Plan Width"": 121, ""Filter"": ""(l_quantity > '33'::numeric)""}}]"#2097
orders,lineitem#97#"[{""Plan"": {""Node Type"": ""Seq Scan"", ""Parallel Aware"": false, ""Relation Name"": ""orders"", ""Alias"": ""orders"", ""Startup Cost"": 0.0, ""Total Cost"": 44845.0, ""Plan Rows"": 961827, ""Plan Width"": 111, ""Filter"": ""(o_orderdate > '1994-05-23'::date)""}}]"#9813
orders,lineitem#98#"[{""Plan"": {""Node Type"": ""Seq Scan"", ""Parallel Aware"": false, ""Relation Name"": ""orders"", ""Alias"": ""orders"", ""Startup Cost"": 0.0, ""Total Cost"": 44845.0, ""Plan Rows"": 207355, ""Plan Width"": 111, ""Filter"": ""(o_orderdate > '1997-09-02'::date)""}}]"#2990
lineitem#99#"[{""Plan"": {""Node Type"": ""Seq Scan"", ""Parallel Aware"": false, ""Relation Name"": ""lineitem"", ""Alias"": ""lineitem"", ""Startup Cost"": 0.0, ""Total Cost"": 187519.01, ""Plan Rows"": 1999627, ""Plan Width"": 121, ""Filter"": ""(l_quantity > '33'::numeric)""}}]"#554
