id,json
0,"{""Plan"": {""Node Type"": ""Seq Scan"", ""Parallel Aware"": false, ""Relation Name"": ""lineitem"", ""Alias"": ""lineitem"", ""Startup Cost"": 0.0, ""Total Cost"": 187519.01, ""Plan Rows"": 713152, ""Plan Width"": 117, ""Actual Startup Time"": 0.01, ""Actual Total Time"": 739.413, ""Actual Rows"": 719528, ""Actual Loops"": 1, ""Filter"": ""(l_quantity > '44'::numeric)"", ""Rows Removed by Filter"": 5281687}, ""Planning Time"": 0.583, ""Triggers"": [], ""Execution Time"": 750.61}"
1,"{""Plan"": {""Node Type"": ""Seq Scan"", ""Parallel Aware"": false, ""Relation Name"": ""lineitem"", ""Alias"": ""lineitem"", ""Startup Cost"": 0.0, ""Total Cost"": 187519.01, ""Plan Rows"": 2228676, ""Plan Width"": 117, ""Actual Startup Time"": 0.006, ""Actual Total Time"": 752.393, ""Actual Rows"": 2282224, ""Actual Loops"": 1, ""Filter"": ""(l_quantity > '31'::numeric)"", ""Rows Removed by Filter"": 3718991}, ""Planning Time"": 0.056, ""Triggers"": [], ""Execution Time"": 786.28}"
2,"{""Plan"": {""Node Type"": ""Seq Scan"", ""Parallel Aware"": false, ""Relation Name"": ""orders"", ""Alias"": ""orders"", ""Startup Cost"": 0.0, ""Total Cost"": 44845.0, ""Plan Rows"": 234257, ""Plan Width"": 107, ""Actual Startup Time"": 0.026, ""Actual Total Time"": 134.628, ""Actual Rows"": 236437, ""Actual Loops"": 1, ""Filter"": ""(o_orderdate > '1997-07-19'::date)"", ""Rows Removed by Filter"": 1263563}, ""Planning Time"": 0.641, ""Triggers"": [], ""Execution Time"": 138.248}"
3,"{""Plan"": {""Node Type"": ""Seq Scan"", ""Parallel Aware"": false, ""Relation Name"": ""lineitem"", ""Alias"": ""lineitem"", ""Startup Cost"": 0.0, ""Total Cost"": 187519.01, ""Plan Rows"": 1397498, ""Plan Width"": 117, ""Actual Startup Time"": 0.005, ""Actual Total Time"": 730.907, ""Actual Rows"": 1440085, ""Actual Loops"": 1, ""Filter"": ""(l_quantity > '38'::numeric)"", ""Rows Removed by Filter"": 4561130}, ""Planning Time"": 0.042, ""Triggers"": [], ""Execution Time"": 752.641}"
4,"{""Plan"": {""Node Type"": ""Seq Scan"", ""Parallel Aware"": false, ""Relation Name"": ""lineitem"", ""Alias"": ""lineitem"", ""Startup Cost"": 0.0, ""Total Cost"": 187519.01, ""Plan Rows"": 2348101, ""Plan Width"": 117, ""Actual Startup Time"": 0.005, ""Actual Total Time"": 1338.075, ""Actual Rows"": 2402187, ""Actual Loops"": 1, ""Filter"": ""(l_quantity > '30'::numeric)"", ""Rows Removed by Filter"": 3599028}, ""Planning Time"": 0.045, ""Triggers"": [], ""Execution Time"": 1421.79}"
5,"{""Plan"": {""Node Type"": ""Seq Scan"", ""Parallel Aware"": false, ""Relation Name"": ""orders"", ""Alias"": ""orders"", ""Startup Cost"": 0.0, ""Total Cost"": 44845.0, ""Plan Rows"": 486990, ""Plan Width"": 107, ""Actual Startup Time"": 0.091, ""Actual Total Time"": 269.145, ""Actual Rows"": 486828, ""Actual Loops"": 1, ""Filter"": ""(o_orderdate > '1996-06-14'::date)"", ""Rows Removed by Filter"": 1013172}, ""Planning Time"": 0.152, ""Triggers"": [], ""Execution Time"": 291.175}"
6,"{""Plan"": {""Node Type"": ""Seq Scan"", ""Parallel Aware"": false, ""Relation Name"": ""orders"", ""Alias"": ""orders"", ""Startup Cost"": 0.0, ""Total Cost"": 44845.0, ""Plan Rows"": 1346531, ""Plan Width"": 107, ""Actual Startup Time"": 0.031, ""Actual Total Time"": 327.417, ""Actual Rows"": 1344199, ""Actual Loops"": 1, ""Filter"": ""(o_orderdate > '1992-09-07'::date)"", ""Rows Removed by Filter"": 155801}, ""Planning Time"": 0.157, ""Triggers"": [], ""Execution Time"": 397.54}"
7,"{""Plan"": {""Node Type"": ""Seq Scan"", ""Parallel Aware"": false, ""Relation Name"": ""orders"", ""Alias"": ""orders"", ""Startup Cost"": 0.0, ""Total Cost"": 44845.0, ""Plan Rows"": 1186001, ""Plan Width"": 107, ""Actual Startup Time"": 0.051, ""Actual Total Time"": 356.334, ""Actual Rows"": 1183751, ""Actual Loops"": 1, ""Filter"": ""(o_orderdate > '1993-05-24'::date)"", ""Rows Removed by Filter"": 316249}, ""Planning Time"": 0.092, ""Triggers"": [], ""Execution Time"": 422.451}"
8,"{""Plan"": {""Node Type"": ""Seq Scan"", ""Parallel Aware"": false, ""Relation Name"": ""orders"", ""Alias"": ""orders"", ""Startup Cost"": 0.0, ""Total Cost"": 44845.0, ""Plan Rows"": 722836, ""Plan Width"": 107, ""Actual Startup Time"": 0.073, ""Actual Total Time"": 311.446, ""Actual Rows"": 723288, ""Actual Loops"": 1, ""Filter"": ""(o_orderdate > '1995-06-01'::date)"", ""Rows Removed by Filter"": 776712}, ""Planning Time"": 0.252, ""Triggers"": [], ""Execution Time"": 347.638}"
9,"{""Plan"": {""Node Type"": ""Seq Scan"", ""Parallel Aware"": false, ""Relation Name"": ""orders"", ""Alias"": ""orders"", ""Startup Cost"": 0.0, ""Total Cost"": 44845.0, ""Plan Rows"": 914887, ""Plan Width"": 107, ""Actual Startup Time"": 0.151, ""Actual Total Time"": 569.354, ""Actual Rows"": 910792, ""Actual Loops"": 1, ""Filter"": ""(o_orderdate > '1994-08-05'::date)"", ""Rows Removed by Filter"": 589208}, ""Planning Time"": 0.249, ""Triggers"": [], ""Execution Time"": 647.574}"
10,"{""Plan"": {""Node Type"": ""Seq Scan"", ""Parallel Aware"": false, ""Relation Name"": ""orders"", ""Alias"": ""orders"", ""Startup Cost"": 0.0, ""Total Cost"": 44845.0, ""Plan Rows"": 792197, ""Plan Width"": 107, ""Actual Startup Time"": 0.039, ""Actual Total Time"": 307.761, ""Actual Rows"": 790849, ""Actual Loops"": 1, ""Filter"": ""(o_orderdate > '1995-02-13'::date)"", ""Rows Removed by Filter"": 709151}, ""Planning Time"": 0.062, ""Triggers"": [], ""Execution Time"": 346.684}"
11,"{""Plan"": {""Node Type"": ""Gather"", ""Parallel Aware"": false, ""Startup Cost"": 1000.0, ""Total Cost"": 34922.3, ""Plan Rows"": 148, ""Plan Width"": 107, ""Actual Startup Time"": 163.818, ""Actual Total Time"": 167.12, ""Actual Rows"": 0, ""Actual Loops"": 1, ""Workers Planned"": 2, ""Workers Launched"": 2, ""Single Copy"": false, ""Plans"": [{""Node Type"": ""Seq Scan"", ""Parent Relationship"": ""Outer"", ""Parallel Aware"": true, ""Relation Name"": ""orders"", ""Alias"": ""orders"", ""Startup Cost"": 0.0, ""Total Cost"": 33907.5, ""Plan Rows"": 62, ""Plan Width"": 107, ""Actual Startup Time"": 73.886, ""Actual Total Time"": 73.887, ""Actual Rows"": 0, ""Actual Loops"": 3, ""Filter"": ""(o_orderdate > '1998-08-15'::date)"", ""Rows Removed by Filter"": 500000, ""Workers"": []}]}, ""Planning Time"": 0.227, ""Triggers"": [], ""Execution Time"": 167.16}"
12,"{""Plan"": {""Node Type"": ""Seq Scan"", ""Parallel Aware"": false, ""Relation Name"": ""lineitem"", ""Alias"": ""lineitem"", ""Startup Cost"": 0.0, ""Total Cost"": 187519.01, ""Plan Rows"": 5155901, ""Plan Width"": 117, ""Actual Startup Time"": 0.005, ""Actual Total Time"": 1607.538, ""Actual Rows"": 5162631, ""Actual Loops"": 1, ""Filter"": ""(l_quantity > '7'::numeric)"", ""Rows Removed by Filter"": 838584}, ""Planning Time"": 0.044, ""Triggers"": [], ""Execution Time"": 1824.116}"
13,"{""Plan"": {""Node Type"": ""Gather"", ""Parallel Aware"": false, ""Startup Cost"": 1000.0, ""Total Cost"": 144759.77, ""Plan Rows"": 1, ""Plan Width"": 117, ""Actual Startup Time"": 383.138, ""Actual Total Time"": 412.459, ""Actual Rows"": 0, ""Actual Loops"": 1, ""Workers Planned"": 2, ""Workers Launched"": 2, ""Single Copy"": false, ""Plans"": [{""Node Type"": ""Seq Scan"", ""Parent Relationship"": ""Outer"", ""Parallel Aware"": true, ""Relation Name"": ""lineitem"", ""Alias"": ""lineitem"", ""Startup Cost"": 0.0, ""Total Cost"": 143759.67, ""Plan Rows"": 1, ""Plan Width"": 117, ""Actual Startup Time"": 308.052, ""Actual Total Time"": 308.053, ""Actual Rows"": 0, ""Actual Loops"": 3, ""Filter"": ""(l_quantity > '76'::numeric)"", ""Rows Removed by Filter"": 2000405, ""Workers"": []}]}, ""Planning Time"": 0.245, ""Triggers"": [], ""Execution Time"": 412.498}"
14,"{""Plan"": {""Node Type"": ""Gather"", ""Parallel Aware"": false, ""Startup Cost"": 1000.0, ""Total Cost"": 144759.77, ""Plan Rows"": 1, ""Plan Width"": 117, ""Actual Startup Time"": 438.538, ""Actual Total Time"": 461.761, ""Actual Rows"": 0, ""Actual Loops"": 1, ""Workers Planned"": 2, ""Workers Launched"": 2, ""Single Copy"": false, ""Plans"": [{""Node Type"": ""Seq Scan"", ""Parent Relationship"": ""Outer"", ""Parallel Aware"": true, ""Relation Name"": ""lineitem"", ""Alias"": ""lineitem"", ""Startup Cost"": 0.0, ""Total Cost"": 143759.67, ""Plan Rows"": 1, ""Plan Width"": 117, ""Actual Startup Time"": 338.612, ""Actual Total Time"": 338.612, ""Actual Rows"": 0, ""Actual Loops"": 3, ""Filter"": ""(l_quantity > '87'::numeric)"", ""Rows Removed by Filter"": 2000405, ""Workers"": []}]}, ""Planning Time"": 0.049, ""Triggers"": [], ""Execution Time"": 461.771}"
15,"{""Plan"": {""Node Type"": ""Seq Scan"", ""Parallel Aware"": false, ""Relation Name"": ""lineitem"", ""Alias"": ""lineitem"", ""Startup Cost"": 0.0, ""Total Cost"": 187519.01, ""Plan Rows"": 2960032, ""Plan Width"": 117, ""Actual Startup Time"": 0.006, ""Actual Total Time"": 2202.727, ""Actual Rows"": 3001787, ""Actual Loops"": 1, ""Filter"": ""(l_quantity > '25'::numeric)"", ""Rows Removed by Filter"": 2999428}, ""Planning Time"": 0.043, ""Triggers"": [], ""Execution Time"": 2388.837}"
16,"{""Plan"": {""Node Type"": ""Seq Scan"", ""Parallel Aware"": false, ""Relation Name"": ""orders"", ""Alias"": ""orders"", ""Startup Cost"": 0.0, ""Total Cost"": 44845.0, ""Plan Rows"": 619944, ""Plan Width"": 107, ""Actual Startup Time"": 0.024, ""Actual Total Time"": 359.663, ""Actual Rows"": 619793, ""Actual Loops"": 1, ""Filter"": ""(o_orderdate > '1995-11-13'::date)"", ""Rows Removed by Filter"": 880207}, ""Planning Time"": 0.045, ""Triggers"": [], ""Execution Time"": 393.721}"
17,"{""Plan"": {""Node Type"": ""Seq Scan"", ""Parallel Aware"": false, ""Relation Name"": ""orders"", ""Alias"": ""orders"", ""Startup Cost"": 0.0, ""Total Cost"": 44845.0, ""Plan Rows"": 372285, ""Plan Width"": 107, ""Actual Startup Time"": 0.023, ""Actual Total Time"": 320.664, ""Actual Rows"": 372060, ""Actual Loops"": 1, ""Filter"": ""(o_orderdate > '1996-12-14'::date)"", ""Rows Removed by Filter"": 1127940}, ""Planning Time"": 0.042, ""Triggers"": [], ""Execution Time"": 339.622}"
18,"{""Plan"": {""Node Type"": ""Seq Scan"", ""Parallel Aware"": false, ""Relation Name"": ""orders"", ""Alias"": ""orders"", ""Startup Cost"": 0.0, ""Total Cost"": 44845.0, ""Plan Rows"": 1347821, ""Plan Width"": 107, ""Actual Startup Time"": 0.144, ""Actual Total Time"": 306.445, ""Actual Rows"": 1345460, ""Actual Loops"": 1, ""Filter"": ""(o_orderdate > '1992-09-05'::date)"", ""Rows Removed by Filter"": 154540}, ""Planning Time"": 0.252, ""Triggers"": [], ""Execution Time"": 371.175}"
19,"{""Plan"": {""Node Type"": ""Seq Scan"", ""Parallel Aware"": false, ""Relation Name"": ""orders"", ""Alias"": ""orders"", ""Startup Cost"": 0.0, ""Total Cost"": 44845.0, ""Plan Rows"": 1111483, ""Plan Width"": 107, ""Actual Startup Time"": 0.157, ""Actual Total Time"": 382.055, ""Actual Rows"": 1110047, ""Actual Loops"": 1, ""Filter"": ""(o_orderdate > '1993-09-19'::date)"", ""Rows Removed by Filter"": 389953}, ""Planning Time"": 0.243, ""Triggers"": [], ""Execution Time"": 451.301}"
20,"{""Plan"": {""Node Type"": ""Seq Scan"", ""Parallel Aware"": false, ""Relation Name"": ""orders"", ""Alias"": ""orders"", ""Startup Cost"": 0.0, ""Total Cost"": 44845.0, ""Plan Rows"": 120472, ""Plan Width"": 107, ""Actual Startup Time"": 0.026, ""Actual Total Time"": 772.183, ""Actual Rows"": 124098, ""Actual Loops"": 1, ""Filter"": ""(o_orderdate > '1998-01-15'::date)"", ""Rows Removed by Filter"": 1375902}, ""Planning Time"": 0.046, ""Triggers"": [], ""Execution Time"": 789.619}"
21,"{""Plan"": {""Node Type"": ""Gather"", ""Parallel Aware"": false, ""Startup Cost"": 1000.0, ""Total Cost"": 144759.77, ""Plan Rows"": 1, ""Plan Width"": 117, ""Actual Startup Time"": 400.777, ""Actual Total Time"": 426.252, ""Actual Rows"": 0, ""Actual Loops"": 1, ""Workers Planned"": 2, ""Workers Launched"": 2, ""Single Copy"": false, ""Plans"": [{""Node Type"": ""Seq Scan"", ""Parent Relationship"": ""Outer"", ""Parallel Aware"": true, ""Relation Name"": ""lineitem"", ""Alias"": ""lineitem"", ""Startup Cost"": 0.0, ""Total Cost"": 143759.67, ""Plan Rows"": 1, ""Plan Width"": 117, ""Actual Startup Time"": 322.166, ""Actual Total Time"": 322.166, ""Actual Rows"": 0, ""Actual Loops"": 3, ""Filter"": ""(l_quantity > '84'::numeric)"", ""Rows Removed by Filter"": 2000405, ""Workers"": []}]}, ""Planning Time"": 0.074, ""Triggers"": [], ""Execution Time"": 426.281}"
22,"{""Plan"": {""Node Type"": ""Gather"", ""Parallel Aware"": false, ""Startup Cost"": 1000.0, ""Total Cost"": 144759.77, ""Plan Rows"": 1, ""Plan Width"": 117, ""Actual Startup Time"": 407.125, ""Actual Total Time"": 433.929, ""Actual Rows"": 0, ""Actual Loops"": 1, ""Workers Planned"": 2, ""Workers Launched"": 2, ""Single Copy"": false, ""Plans"": [{""Node Type"": ""Seq Scan"", ""Parent Relationship"": ""Outer"", ""Parallel Aware"": true, ""Relation Name"": ""lineitem"", ""Alias"": ""lineitem"", ""Startup Cost"": 0.0, ""Total Cost"": 143759.67, ""Plan Rows"": 1, ""Plan Width"": 117, ""Actual Startup Time"": 318.952, ""Actual Total Time"": 318.953, ""Actual Rows"": 0, ""Actual Loops"": 3, ""Filter"": ""(l_quantity > '87'::numeric)"", ""Rows Removed by Filter"": 2000405, ""Workers"": []}]}, ""Planning Time"": 0.047, ""Triggers"": [], ""Execution Time"": 433.942}"
23,"{""Plan"": {""Node Type"": ""Gather"", ""Parallel Aware"": false, ""Startup Cost"": 1000.0, ""Total Cost"": 144759.77, ""Plan Rows"": 1, ""Plan Width"": 117, ""Actual Startup Time"": 379.9, ""Actual Total Time"": 402.217, ""Actual Rows"": 0, ""Actual Loops"": 1, ""Workers Planned"": 2, ""Workers Launched"": 2, ""Single Copy"": false, ""Plans"": [{""Node Type"": ""Seq Scan"", ""Parent Relationship"": ""Outer"", ""Parallel Aware"": true, ""Relation Name"": ""lineitem"", ""Alias"": ""lineitem"", ""Startup Cost"": 0.0, ""Total Cost"": 143759.67, ""Plan Rows"": 1, ""Plan Width"": 117, ""Actual Startup Time"": 313.967, ""Actual Total Time"": 313.968, ""Actual Rows"": 0, ""Actual Loops"": 3, ""Filter"": ""(l_quantity > '92'::numeric)"", ""Rows Removed by Filter"": 2000405, ""Workers"": []}]}, ""Planning Time"": 0.044, ""Triggers"": [], ""Execution Time"": 402.229}"
24,"{""Plan"": {""Node Type"": ""Seq Scan"", ""Parallel Aware"": false, ""Relation Name"": ""orders"", ""Alias"": ""orders"", ""Startup Cost"": 0.0, ""Total Cost"": 44845.0, ""Plan Rows"": 726881, ""Plan Width"": 107, ""Actual Startup Time"": 0.023, ""Actual Total Time"": 226.045, ""Actual Rows"": 727137, ""Actual Loops"": 1, ""Filter"": ""(o_orderdate > '1995-05-26'::date)"", ""Rows Removed by Filter"": 772863}, ""Planning Time"": 0.061, ""Triggers"": [], ""Execution Time"": 249.367}"
25,"{""Plan"": {""Node Type"": ""Gather"", ""Parallel Aware"": false, ""Startup Cost"": 1000.0, ""Total Cost"": 144759.77, ""Plan Rows"": 1, ""Plan Width"": 117, ""Actual Startup Time"": 390.681, ""Actual Total Time"": 409.52, ""Actual Rows"": 0, ""Actual Loops"": 1, ""Workers Planned"": 2, ""Workers Launched"": 2, ""Single Copy"": false, ""Plans"": [{""Node Type"": ""Seq Scan"", ""Parent Relationship"": ""Outer"", ""Parallel Aware"": true, ""Relation Name"": ""lineitem"", ""Alias"": ""lineitem"", ""Startup Cost"": 0.0, ""Total Cost"": 143759.67, ""Plan Rows"": 1, ""Plan Width"": 117, ""Actual Startup Time"": 314.256, ""Actual Total Time"": 314.256, ""Actual Rows"": 0, ""Actual Loops"": 3, ""Filter"": ""(l_quantity > '76'::numeric)"", ""Rows Removed by Filter"": 2000405, ""Workers"": []}]}, ""Planning Time"": 0.309, ""Triggers"": [], ""Execution Time"": 409.569}"
26,"{""Plan"": {""Node Type"": ""Seq Scan"", ""Parallel Aware"": false, ""Relation Name"": ""orders"", ""Alias"": ""orders"", ""Startup Cost"": 0.0, ""Total Cost"": 44845.0, ""Plan Rows"": 1225662, ""Plan Width"": 107, ""Actual Startup Time"": 0.022, ""Actual Total Time"": 372.659, ""Actual Rows"": 1224436, ""Actual Loops"": 1, ""Filter"": ""(o_orderdate > '1993-03-19'::date)"", ""Rows Removed by Filter"": 275564}, ""Planning Time"": 0.038, ""Triggers"": [], ""Execution Time"": 439.53}"
27,"{""Plan"": {""Node Type"": ""Gather"", ""Parallel Aware"": false, ""Startup Cost"": 1000.0, ""Total Cost"": 144759.77, ""Plan Rows"": 1, ""Plan Width"": 117, ""Actual Startup Time"": 368.501, ""Actual Total Time"": 386.559, ""Actual Rows"": 0, ""Actual Loops"": 1, ""Workers Planned"": 2, ""Workers Launched"": 2, ""Single Copy"": false, ""Plans"": [{""Node Type"": ""Seq Scan"", ""Parent Relationship"": ""Outer"", ""Parallel Aware"": true, ""Relation Name"": ""lineitem"", ""Alias"": ""lineitem"", ""Startup Cost"": 0.0, ""Total Cost"": 143759.67, ""Plan Rows"": 1, ""Plan Width"": 117, ""Actual Startup Time"": 298.938, ""Actual Total Time"": 298.938, ""Actual Rows"": 0, ""Actual Loops"": 3, ""Filter"": ""(l_quantity > '89'::numeric)"", ""Rows Removed by Filter"": 2000405, ""Workers"": []}]}, ""Planning Time"": 0.303, ""Triggers"": [], ""Execution Time"": 386.606}"
28,"{""Plan"": {""Node Type"": ""Gather"", ""Parallel Aware"": false, ""Startup Cost"": 1000.0, ""Total Cost"": 144759.77, ""Plan Rows"": 1, ""Plan Width"": 117, ""Actual Startup Time"": 374.604, ""Actual Total Time"": 401.141, ""Actual Rows"": 0, ""Actual Loops"": 1, ""Workers Planned"": 2, ""Workers Launched"": 2, ""Single Copy"": false, ""Plans"": [{""Node Type"": ""Seq Scan"", ""Parent Relationship"": ""Outer"", ""Parallel Aware"": true, ""Relation Name"": ""lineitem"", ""Alias"": ""lineitem"", ""Startup Cost"": 0.0, ""Total Cost"": 143759.67, ""Plan Rows"": 1, ""Plan Width"": 117, ""Actual Startup Time"": 303.345, ""Actual Total Time"": 303.345, ""Actual Rows"": 0, ""Actual Loops"": 3, ""Filter"": ""(l_quantity > '72'::numeric)"", ""Rows Removed by Filter"": 2000405, ""Workers"": []}]}, ""Planning Time"": 0.044, ""Triggers"": [], ""Execution Time"": 401.171}"
29,"{""Plan"": {""Node Type"": ""Gather"", ""Parallel Aware"": false, ""Startup Cost"": 1000.0, ""Total Cost"": 144759.77, ""Plan Rows"": 1, ""Plan Width"": 117, ""Actual Startup Time"": 431.059, ""Actual Total Time"": 451.724, ""Actual Rows"": 0, ""Actual Loops"": 1, ""Workers Planned"": 2, ""Workers Launched"": 2, ""Single Copy"": false, ""Plans"": [{""Node Type"": ""Seq Scan"", ""Parent Relationship"": ""Outer"", ""Parallel Aware"": true, ""Relation Name"": ""lineitem"", ""Alias"": ""lineitem"", ""Startup Cost"": 0.0, ""Total Cost"": 143759.67, ""Plan Rows"": 1, ""Plan Width"": 117, ""Actual Startup Time"": 348.459, ""Actual Total Time"": 348.459, ""Actual Rows"": 0, ""Actual Loops"": 3, ""Filter"": ""(l_quantity > '61'::numeric)"", ""Rows Removed by Filter"": 2000405, ""Workers"": []}]}, ""Planning Time"": 0.049, ""Triggers"": [], ""Execution Time"": 451.736}"
30,"{""Plan"": {""Node Type"": ""Gather"", ""Parallel Aware"": false, ""Startup Cost"": 1000.0, ""Total Cost"": 144759.77, ""Plan Rows"": 1, ""Plan Width"": 117, ""Actual Startup Time"": 383.269, ""Actual Total Time"": 388.067, ""Actual Rows"": 0, ""Actual Loops"": 1, ""Workers Planned"": 2, ""Workers Launched"": 2, ""Single Copy"": false, ""Plans"": [{""Node Type"": ""Seq Scan"", ""Parent Relationship"": ""Outer"", ""Parallel Aware"": true, ""Relation Name"": ""lineitem"", ""Alias"": ""lineitem"", ""Startup Cost"": 0.0, ""Total Cost"": 143759.67, ""Plan Rows"": 1, ""Plan Width"": 117, ""Actual Startup Time"": 307.515, ""Actual Total Time"": 307.515, ""Actual Rows"": 0, ""Actual Loops"": 3, ""Filter"": ""(l_quantity > '52'::numeric)"", ""Rows Removed by Filter"": 2000405, ""Workers"": []}]}, ""Planning Time"": 0.045, ""Triggers"": [], ""Execution Time"": 388.077}"
31,"{""Plan"": {""Node Type"": ""Seq Scan"", ""Parallel Aware"": false, ""Relation Name"": ""lineitem"", ""Alias"": ""lineitem"", ""Startup Cost"": 0.0, ""Total Cost"": 187519.01, ""Plan Rows"": 1636949, ""Plan Width"": 117, ""Actual Startup Time"": 0.007, ""Actual Total Time"": 2202.295, ""Actual Rows"": 1680376, ""Actual Loops"": 1, ""Filter"": ""(l_quantity > '36'::numeric)"", ""Rows Removed by Filter"": 4320839}, ""Planning Time"": 0.042, ""Triggers"": [], ""Execution Time"": 2316.302}"
32,"{""Plan"": {""Node Type"": ""Seq Scan"", ""Parallel Aware"": false, ""Relation Name"": ""lineitem"", ""Alias"": ""lineitem"", ""Startup Cost"": 0.0, ""Total Cost"": 187519.01, ""Plan Rows"": 1049624, ""Plan Width"": 117, ""Actual Startup Time"": 0.052, ""Actual Total Time"": 2201.071, ""Actual Rows"": 1079810, ""Actual Loops"": 1, ""Filter"": ""(l_quantity > '41'::numeric)"", ""Rows Removed by Filter"": 4921405}, ""Planning Time"": 0.283, ""Triggers"": [], ""Execution Time"": 2275.046}"
33,"{""Plan"": {""Node Type"": ""Gather"", ""Parallel Aware"": false, ""Startup Cost"": 1000.0, ""Total Cost"": 144759.77, ""Plan Rows"": 1, ""Plan Width"": 117, ""Actual Startup Time"": 396.484, ""Actual Total Time"": 423.564, ""Actual Rows"": 0, ""Actual Loops"": 1, ""Workers Planned"": 2, ""Workers Launched"": 2, ""Single Copy"": false, ""Plans"": [{""Node Type"": ""Seq Scan"", ""Parent Relationship"": ""Outer"", ""Parallel Aware"": true, ""Relation Name"": ""lineitem"", ""Alias"": ""lineitem"", ""Startup Cost"": 0.0, ""Total Cost"": 143759.67, ""Plan Rows"": 1, ""Plan Width"": 117, ""Actual Startup Time"": 318.102, ""Actual Total Time"": 318.102, ""Actual Rows"": 0, ""Actual Loops"": 3, ""Filter"": ""(l_quantity > '96'::numeric)"", ""Rows Removed by Filter"": 2000405, ""Workers"": []}]}, ""Planning Time"": 0.345, ""Triggers"": [], ""Execution Time"": 423.616}"
34,"{""Plan"": {""Node Type"": ""Seq Scan"", ""Parallel Aware"": false, ""Relation Name"": ""orders"", ""Alias"": ""orders"", ""Startup Cost"": 0.0, ""Total Cost"": 44845.0, ""Plan Rows"": 633931, ""Plan Width"": 107, ""Actual Startup Time"": 0.016, ""Actual Total Time"": 238.625, ""Actual Rows"": 634797, ""Actual Loops"": 1, ""Filter"": ""(o_orderdate > '1995-10-20'::date)"", ""Rows Removed by Filter"": 865203}, ""Planning Time"": 0.038, ""Triggers"": [], ""Execution Time"": 262.895}"
35,"{""Plan"": {""Node Type"": ""Seq Scan"", ""Parallel Aware"": false, ""Relation Name"": ""orders"", ""Alias"": ""orders"", ""Startup Cost"": 0.0, ""Total Cost"": 44845.0, ""Plan Rows"": 756776, ""Plan Width"": 107, ""Actual Startup Time"": 0.062, ""Actual Total Time"": 236.452, ""Actual Rows"": 753953, ""Actual Loops"": 1, ""Filter"": ""(o_orderdate > '1995-04-13'::date)"", ""Rows Removed by Filter"": 746047}, ""Planning Time"": 0.061, ""Triggers"": [], ""Execution Time"": 259.036}"
36,"{""Plan"": {""Node Type"": ""Gather"", ""Parallel Aware"": false, ""Startup Cost"": 1000.0, ""Total Cost"": 168184.67, ""Plan Rows"": 234250, ""Plan Width"": 117, ""Actual Startup Time"": 0.176, ""Actual Total Time"": 433.408, ""Actual Rows"": 239470, ""Actual Loops"": 1, ""Workers Planned"": 2, ""Workers Launched"": 2, ""Single Copy"": false, ""Plans"": [{""Node Type"": ""Seq Scan"", ""Parent Relationship"": ""Outer"", ""Parallel Aware"": true, ""Relation Name"": ""lineitem"", ""Alias"": ""lineitem"", ""Startup Cost"": 0.0, ""Total Cost"": 143759.67, ""Plan Rows"": 97604, ""Plan Width"": 117, ""Actual Startup Time"": 0.1, ""Actual Total Time"": 327.011, ""Actual Rows"": 79823, ""Actual Loops"": 3, ""Filter"": ""(l_quantity > '48'::numeric)"", ""Rows Removed by Filter"": 1920582, ""Workers"": []}]}, ""Planning Time"": 0.046, ""Triggers"": [], ""Execution Time"": 443.065}"
37,"{""Plan"": {""Node Type"": ""Gather"", ""Parallel Aware"": false, ""Startup Cost"": 1000.0, ""Total Cost"": 144759.77, ""Plan Rows"": 1, ""Plan Width"": 117, ""Actual Startup Time"": 442.14, ""Actual Total Time"": 466.655, ""Actual Rows"": 0, ""Actual Loops"": 1, ""Workers Planned"": 2, ""Workers Launched"": 2, ""Single Copy"": false, ""Plans"": [{""Node Type"": ""Seq Scan"", ""Parent Relationship"": ""Outer"", ""Parallel Aware"": true, ""Relation Name"": ""lineitem"", ""Alias"": ""lineitem"", ""Startup Cost"": 0.0, ""Total Cost"": 143759.67, ""Plan Rows"": 1, ""Plan Width"": 117, ""Actual Startup Time"": 330.112, ""Actual Total Time"": 330.112, ""Actual Rows"": 0, ""Actual Loops"": 3, ""Filter"": ""(l_quantity > '75'::numeric)"", ""Rows Removed by Filter"": 2000405, ""Workers"": []}]}, ""Planning Time"": 0.045, ""Triggers"": [], ""Execution Time"": 466.665}"
38,"{""Plan"": {""Node Type"": ""Seq Scan"", ""Parallel Aware"": false, ""Relation Name"": ""orders"", ""Alias"": ""orders"", ""Startup Cost"": 0.0, ""Total Cost"": 44845.0, ""Plan Rows"": 405246, ""Plan Width"": 107, ""Actual Startup Time"": 0.019, ""Actual Total Time"": 322.639, ""Actual Rows"": 405266, ""Actual Loops"": 1, ""Filter"": ""(o_orderdate > '1996-10-22'::date)"", ""Rows Removed by Filter"": 1094734}, ""Planning Time"": 0.043, ""Triggers"": [], ""Execution Time"": 344.044}"
39,"{""Plan"": {""Node Type"": ""Gather"", ""Parallel Aware"": false, ""Startup Cost"": 1000.0, ""Total Cost"": 144759.77, ""Plan Rows"": 1, ""Plan Width"": 117, ""Actual Startup Time"": 408.352, ""Actual Total Time"": 424.778, ""Actual Rows"": 0, ""Actual Loops"": 1, ""Workers Planned"": 2, ""Workers Launched"": 2, ""Single Copy"": false, ""Plans"": [{""Node Type"": ""Seq Scan"", ""Parent Relationship"": ""Outer"", ""Parallel Aware"": true, ""Relation Name"": ""lineitem"", ""Alias"": ""lineitem"", ""Startup Cost"": 0.0, ""Total Cost"": 143759.67, ""Plan Rows"": 1, ""Plan Width"": 117, ""Actual Startup Time"": 337.377, ""Actual Total Time"": 337.377, ""Actual Rows"": 0, ""Actual Loops"": 3, ""Filter"": ""(l_quantity > '61'::numeric)"", ""Rows Removed by Filter"": 2000405, ""Workers"": []}]}, ""Planning Time"": 0.067, ""Triggers"": [], ""Execution Time"": 424.792}"
40,"{""Plan"": {""Node Type"": ""Seq Scan"", ""Parallel Aware"": false, ""Relation Name"": ""lineitem"", ""Alias"": ""lineitem"", ""Startup Cost"": 0.0, ""Total Cost"": 187519.01, ""Plan Rows"": 940601, ""Plan Width"": 117, ""Actual Startup Time"": 0.007, ""Actual Total Time"": 1919.185, ""Actual Rows"": 959438, ""Actual Loops"": 1, ""Filter"": ""(l_quantity > '42'::numeric)"", ""Rows Removed by Filter"": 5041777}, ""Planning Time"": 0.042, ""Triggers"": [], ""Execution Time"": 1979.551}"
41,"{""Plan"": {""Node Type"": ""Seq Scan"", ""Parallel Aware"": false, ""Relation Name"": ""orders"", ""Alias"": ""orders"", ""Startup Cost"": 0.0, ""Total Cost"": 44845.0, ""Plan Rows"": 785671, ""Plan Width"": 107, ""Actual Startup Time"": 0.039, ""Actual Total Time"": 322.37, ""Actual Rows"": 784004, ""Actual Loops"": 1, ""Filter"": ""(o_orderdate > '1995-02-24'::date)"", ""Rows Removed by Filter"": 715996}, ""Planning Time"": 0.04, ""Triggers"": [], ""Execution Time"": 360.086}"
42,"{""Plan"": {""Node Type"": ""Seq Scan"", ""Parallel Aware"": false, ""Relation Name"": ""orders"", ""Alias"": ""orders"", ""Startup Cost"": 0.0, ""Total Cost"": 44845.0, ""Plan Rows"": 703573, ""Plan Width"": 107, ""Actual Startup Time"": 2.957, ""Actual Total Time"": 709.328, ""Actual Rows"": 704366, ""Actual Loops"": 1, ""Filter"": ""(o_orderdate > '1995-07-01'::date)"", ""Rows Removed by Filter"": 795634}, ""Planning Time"": 0.248, ""Triggers"": [], ""Execution Time"": 787.905}"
43,"{""Plan"": {""Node Type"": ""Gather"", ""Parallel Aware"": false, ""Startup Cost"": 1000.0, ""Total Cost"": 144759.77, ""Plan Rows"": 1, ""Plan Width"": 117, ""Actual Startup Time"": 412.145, ""Actual Total Time"": 439.752, ""Actual Rows"": 0, ""Actual Loops"": 1, ""Workers Planned"": 2, ""Workers Launched"": 2, ""Single Copy"": false, ""Plans"": [{""Node Type"": ""Seq Scan"", ""Parent Relationship"": ""Outer"", ""Parallel Aware"": true, ""Relation Name"": ""lineitem"", ""Alias"": ""lineitem"", ""Startup Cost"": 0.0, ""Total Cost"": 143759.67, ""Plan Rows"": 1, ""Plan Width"": 117, ""Actual Startup Time"": 341.303, ""Actual Total Time"": 341.303, ""Actual Rows"": 0, ""Actual Loops"": 3, ""Filter"": ""(l_quantity > '94'::numeric)"", ""Rows Removed by Filter"": 2000405, ""Workers"": []}]}, ""Planning Time"": 0.048, ""Triggers"": [], ""Execution Time"": 439.762}"
44,"{""Plan"": {""Node Type"": ""Gather"", ""Parallel Aware"": false, ""Startup Cost"": 1000.0, ""Total Cost"": 144759.77, ""Plan Rows"": 1, ""Plan Width"": 117, ""Actual Startup Time"": 423.393, ""Actual Total Time"": 444.926, ""Actual Rows"": 0, ""Actual Loops"": 1, ""Workers Planned"": 2, ""Workers Launched"": 2, ""Single Copy"": false, ""Plans"": [{""Node Type"": ""Seq Scan"", ""Parent Relationship"": ""Outer"", ""Parallel Aware"": true, ""Relation Name"": ""lineitem"", ""Alias"": ""lineitem"", ""Startup Cost"": 0.0, ""Total Cost"": 143759.67, ""Plan Rows"": 1, ""Plan Width"": 117, ""Actual Startup Time"": 349.501, ""Actual Total Time"": 349.501, ""Actual Rows"": 0, ""Actual Loops"": 3, ""Filter"": ""(l_quantity > '53'::numeric)"", ""Rows Removed by Filter"": 2000405, ""Workers"": []}]}, ""Planning Time"": 0.045, ""Triggers"": [], ""Execution Time"": 444.937}"
45,"{""Plan"": {""Node Type"": ""Seq Scan"", ""Parallel Aware"": false, ""Relation Name"": ""orders"", ""Alias"": ""orders"", ""Startup Cost"": 0.0, ""Total Cost"": 44845.0, ""Plan Rows"": 222392, ""Plan Width"": 107, ""Actual Startup Time"": 0.019, ""Actual Total Time"": 266.789, ""Actual Rows"": 223907, ""Actual Loops"": 1, ""Filter"": ""(o_orderdate > '1997-08-08'::date)"", ""Rows Removed by Filter"": 1276093}, ""Planning Time"": 0.038, ""Triggers"": [], ""Execution Time"": 276.55}"
46,"{""Plan"": {""Node Type"": ""Gather"", ""Parallel Aware"": false, ""Startup Cost"": 1000.0, ""Total Cost"": 144759.77, ""Plan Rows"": 1, ""Plan Width"": 117, ""Actual Startup Time"": 396.895, ""Actual Total Time"": 419.896, ""Actual Rows"": 0, ""Actual Loops"": 1, ""Workers Planned"": 2, ""Workers Launched"": 2, ""Single Copy"": false, ""Plans"": [{""Node Type"": ""Seq Scan"", ""Parent Relationship"": ""Outer"", ""Parallel Aware"": true, ""Relation Name"": ""lineitem"", ""Alias"": ""lineitem"", ""Startup Cost"": 0.0, ""Total Cost"": 143759.67, ""Plan Rows"": 1, ""Plan Width"": 117, ""Actual Startup Time"": 324.572, ""Actual Total Time"": 324.572, ""Actual Rows"": 0, ""Actual Loops"": 3, ""Filter"": ""(l_quantity > '62'::numeric)"", ""Rows Removed by Filter"": 2000405, ""Workers"": []}]}, ""Planning Time"": 0.307, ""Triggers"": [], ""Execution Time"": 420.512}"
47,"{""Plan"": {""Node Type"": ""Gather"", ""Parallel Aware"": false, ""Startup Cost"": 1000.0, ""Total Cost"": 144759.77, ""Plan Rows"": 1, ""Plan Width"": 117, ""Actual Startup Time"": 408.902, ""Actual Total Time"": 428.125, ""Actual Rows"": 0, ""Actual Loops"": 1, ""Workers Planned"": 2, ""Workers Launched"": 2, ""Single Copy"": false, ""Plans"": [{""Node Type"": ""Seq Scan"", ""Parent Relationship"": ""Outer"", ""Parallel Aware"": true, ""Relation Name"": ""lineitem"", ""Alias"": ""lineitem"", ""Startup Cost"": 0.0, ""Total Cost"": 143759.67, ""Plan Rows"": 1, ""Plan Width"": 117, ""Actual Startup Time"": 337.761, ""Actual Total Time"": 337.761, ""Actual Rows"": 0, ""Actual Loops"": 3, ""Filter"": ""(l_quantity > '60'::numeric)"", ""Rows Removed by Filter"": 2000405, ""Workers"": []}]}, ""Planning Time"": 0.045, ""Triggers"": [], ""Execution Time"": 428.135}"
48,"{""Plan"": {""Node Type"": ""Seq Scan"", ""Parallel Aware"": false, ""Relation Name"": ""orders"", ""Alias"": ""orders"", ""Startup Cost"": 0.0, ""Total Cost"": 44845.0, ""Plan Rows"": 417173, ""Plan Width"": 107, ""Actual Startup Time"": 0.022, ""Actual Total Time"": 284.781, ""Actual Rows"": 416479, ""Actual Loops"": 1, ""Filter"": ""(o_orderdate > '1996-10-04'::date)"", ""Rows Removed by Filter"": 1083521}, ""Planning Time"": 0.039, ""Triggers"": [], ""Execution Time"": 304.106}"
49,"{""Plan"": {""Node Type"": ""Seq Scan"", ""Parallel Aware"": false, ""Relation Name"": ""lineitem"", ""Alias"": ""lineitem"", ""Startup Cost"": 0.0, ""Total Cost"": 187519.01, ""Plan Rows"": 4795624, ""Plan Width"": 117, ""Actual Startup Time"": 0.006, ""Actual Total Time"": 1775.959, ""Actual Rows"": 4802275, ""Actual Loops"": 1, ""Filter"": ""(l_quantity > '10'::numeric)"", ""Rows Removed by Filter"": 1198940}, ""Planning Time"": 0.046, ""Triggers"": [], ""Execution Time"": 1999.622}"
50,"{""Plan"": {""Node Type"": ""Seq Scan"", ""Parallel Aware"": false, ""Relation Name"": ""lineitem"", ""Alias"": ""lineitem"", ""Startup Cost"": 0.0, ""Total Cost"": 187519.01, ""Plan Rows"": 5383949, ""Plan Width"": 117, ""Actual Startup Time"": 0.039, ""Actual Total Time"": 2304.405, ""Actual Rows"": 5402177, ""Actual Loops"": 1, ""Filter"": ""(l_quantity > '5'::numeric)"", ""Rows Removed by Filter"": 599038}, ""Planning Time"": 0.244, ""Triggers"": [], ""Execution Time"": 2644.259}"
51,"{""Plan"": {""Node Type"": ""Seq Scan"", ""Parallel Aware"": false, ""Relation Name"": ""orders"", ""Alias"": ""orders"", ""Startup Cost"": 0.0, ""Total Cost"": 44845.0, ""Plan Rows"": 1131571, ""Plan Width"": 107, ""Actual Startup Time"": 0.112, ""Actual Total Time"": 330.165, ""Actual Rows"": 1130150, ""Actual Loops"": 1, ""Filter"": ""(o_orderdate > '1993-08-18'::date)"", ""Rows Removed by Filter"": 369850}, ""Planning Time"": 0.199, ""Triggers"": [], ""Execution Time"": 384.187}"
52,"{""Plan"": {""Node Type"": ""Gather"", ""Parallel Aware"": false, ""Startup Cost"": 1000.0, ""Total Cost"": 144759.77, ""Plan Rows"": 1, ""Plan Width"": 117, ""Actual Startup Time"": 377.857, ""Actual Total Time"": 406.215, ""Actual Rows"": 0, ""Actual Loops"": 1, ""Workers Planned"": 2, ""Workers Launched"": 2, ""Single Copy"": false, ""Plans"": [{""Node Type"": ""Seq Scan"", ""Parent Relationship"": ""Outer"", ""Parallel Aware"": true, ""Relation Name"": ""lineitem"", ""Alias"": ""lineitem"", ""Startup Cost"": 0.0, ""Total Cost"": 143759.67, ""Plan Rows"": 1, ""Plan Width"": 117, ""Actual Startup Time"": 304.58, ""Actual Total Time"": 304.58, ""Actual Rows"": 0, ""Actual Loops"": 3, ""Filter"": ""(l_quantity > '71'::numeric)"", ""Rows Removed by Filter"": 2000405, ""Workers"": []}]}, ""Planning Time"": 0.307, ""Triggers"": [], ""Execution Time"": 406.272}"
53,"{""Plan"": {""Node Type"": ""Seq Scan"", ""Parallel Aware"": false, ""Relation Name"": ""orders"", ""Alias"": ""orders"", ""Startup Cost"": 0.0, ""Total Cost"": 44845.0, ""Plan Rows"": 1202180, ""Plan Width"": 107, ""Actual Startup Time"": 0.022, ""Actual Total Time"": 332.794, ""Actual Rows"": 1199614, ""Actual Loops"": 1, ""Filter"": ""(o_orderdate > '1993-04-28'::date)"", ""Rows Removed by Filter"": 300386}, ""Planning Time"": 0.038, ""Triggers"": [], ""Execution Time"": 392.003}"
54,"{""Plan"": {""Node Type"": ""Seq Scan"", ""Parallel Aware"": false, ""Relation Name"": ""orders"", ""Alias"": ""orders"", ""Startup Cost"": 0.0, ""Total Cost"": 44845.0, ""Plan Rows"": 1125535, ""Plan Width"": 107, ""Actual Startup Time"": 0.163, ""Actual Total Time"": 527.355, ""Actual Rows"": 1123942, ""Actual Loops"": 1, ""Filter"": ""(o_orderdate > '1993-08-28'::date)"", ""Rows Removed by Filter"": 376058}, ""Planning Time"": 0.243, ""Triggers"": [], ""Execution Time"": 618.585}"
55,"{""Plan"": {""Node Type"": ""Gather"", ""Parallel Aware"": false, ""Startup Cost"": 1000.0, ""Total Cost"": 144759.77, ""Plan Rows"": 1, ""Plan Width"": 117, ""Actual Startup Time"": 385.913, ""Actual Total Time"": 407.959, ""Actual Rows"": 0, ""Actual Loops"": 1, ""Workers Planned"": 2, ""Workers Launched"": 2, ""Single Copy"": false, ""Plans"": [{""Node Type"": ""Seq Scan"", ""Parent Relationship"": ""Outer"", ""Parallel Aware"": true, ""Relation Name"": ""lineitem"", ""Alias"": ""lineitem"", ""Startup Cost"": 0.0, ""Total Cost"": 143759.67, ""Plan Rows"": 1, ""Plan Width"": 117, ""Actual Startup Time"": 308.61, ""Actual Total Time"": 308.61, ""Actual Rows"": 0, ""Actual Loops"": 3, ""Filter"": ""(l_quantity > '65'::numeric)"", ""Rows Removed by Filter"": 2000405, ""Workers"": []}]}, ""Planning Time"": 0.304, ""Triggers"": [], ""Execution Time"": 408.021}"
56,"{""Plan"": {""Node Type"": ""Seq Scan"", ""Parallel Aware"": false, ""Relation Name"": ""lineitem"", ""Alias"": ""lineitem"", ""Startup Cost"": 0.0, ""Total Cost"": 187519.01, ""Plan Rows"": 5881255, ""Plan Width"": 117, ""Actual Startup Time"": 0.3, ""Actual Total Time"": 1975.768, ""Actual Rows"": 5880814, ""Actual Loops"": 1, ""Filter"": ""(l_quantity > '1'::numeric)"", ""Rows Removed by Filter"": 120401}, ""Planning Time"": 0.046, ""Triggers"": [], ""Execution Time"": 2286.519}"
57,"{""Plan"": {""Node Type"": ""Seq Scan"", ""Parallel Aware"": false, ""Relation Name"": ""orders"", ""Alias"": ""orders"", ""Startup Cost"": 0.0, ""Total Cost"": 44845.0, ""Plan Rows"": 1217629, ""Plan Width"": 107, ""Actual Startup Time"": 0.015, ""Actual Total Time"": 263.837, ""Actual Rows"": 1216389, ""Actual Loops"": 1, ""Filter"": ""(o_orderdate > '1993-04-01'::date)"", ""Rows Removed by Filter"": 283611}, ""Planning Time"": 0.038, ""Triggers"": [], ""Execution Time"": 310.082}"
58,"{""Plan"": {""Node Type"": ""Seq Scan"", ""Parallel Aware"": false, ""Relation Name"": ""lineitem"", ""Alias"": ""lineitem"", ""Startup Cost"": 0.0, ""Total Cost"": 187519.01, ""Plan Rows"": 4182493, ""Plan Width"": 117, ""Actual Startup Time"": 0.287, ""Actual Total Time"": 1819.817, ""Actual Rows"": 4203309, ""Actual Loops"": 1, ""Filter"": ""(l_quantity > '15'::numeric)"", ""Rows Removed by Filter"": 1797906}, ""Planning Time"": 0.042, ""Triggers"": [], ""Execution Time"": 2038.101}"
59,"{""Plan"": {""Node Type"": ""Seq Scan"", ""Parallel Aware"": false, ""Relation Name"": ""orders"", ""Alias"": ""orders"", ""Startup Cost"": 0.0, ""Total Cost"": 44845.0, ""Plan Rows"": 1179259, ""Plan Width"": 107, ""Actual Startup Time"": 0.153, ""Actual Total Time"": 300.478, ""Actual Rows"": 1177477, ""Actual Loops"": 1, ""Filter"": ""(o_orderdate > '1993-06-03'::date)"", ""Rows Removed by Filter"": 322523}, ""Planning Time"": 0.263, ""Triggers"": [], ""Execution Time"": 357.079}"
60,"{""Plan"": {""Node Type"": ""Seq Scan"", ""Parallel Aware"": false, ""Relation Name"": ""orders"", ""Alias"": ""orders"", ""Startup Cost"": 0.0, ""Total Cost"": 44845.0, ""Plan Rows"": 312040, ""Plan Width"": 107, ""Actual Startup Time"": 3.107, ""Actual Total Time"": 294.637, ""Actual Rows"": 313622, ""Actual Loops"": 1, ""Filter"": ""(o_orderdate > '1997-03-18'::date)"", ""Rows Removed by Filter"": 1186378}, ""Planning Time"": 0.244, ""Triggers"": [], ""Execution Time"": 309.899}"
61,"{""Plan"": {""Node Type"": ""Seq Scan"", ""Parallel Aware"": false, ""Relation Name"": ""orders"", ""Alias"": ""orders"", ""Startup Cost"": 0.0, ""Total Cost"": 44845.0, ""Plan Rows"": 1014032, ""Plan Width"": 107, ""Actual Startup Time"": 0.129, ""Actual Total Time"": 452.145, ""Actual Rows"": 1009463, ""Actual Loops"": 1, ""Filter"": ""(o_orderdate > '1994-02-28'::date)"", ""Rows Removed by Filter"": 490537}, ""Planning Time"": 0.26, ""Triggers"": [], ""Execution Time"": 524.083}"
62,"{""Plan"": {""Node Type"": ""Gather"", ""Parallel Aware"": false, ""Startup Cost"": 1000.0, ""Total Cost"": 144759.77, ""Plan Rows"": 1, ""Plan Width"": 117, ""Actual Startup Time"": 427.313, ""Actual Total Time"": 432.146, ""Actual Rows"": 0, ""Actual Loops"": 1, ""Workers Planned"": 2, ""Workers Launched"": 2, ""Single Copy"": false, ""Plans"": [{""Node Type"": ""Seq Scan"", ""Parent Relationship"": ""Outer"", ""Parallel Aware"": true, ""Relation Name"": ""lineitem"", ""Alias"": ""lineitem"", ""Startup Cost"": 0.0, ""Total Cost"": 143759.67, ""Plan Rows"": 1, ""Plan Width"": 117, ""Actual Startup Time"": 319.634, ""Actual Total Time"": 319.635, ""Actual Rows"": 0, ""Actual Loops"": 3, ""Filter"": ""(l_quantity > '86'::numeric)"", ""Rows Removed by Filter"": 2000405, ""Workers"": []}]}, ""Planning Time"": 0.083, ""Triggers"": [], ""Execution Time"": 432.161}"
63,"{""Plan"": {""Node Type"": ""Gather"", ""Parallel Aware"": false, ""Startup Cost"": 1000.0, ""Total Cost"": 144759.77, ""Plan Rows"": 1, ""Plan Width"": 117, ""Actual Startup Time"": 392.866, ""Actual Total Time"": 420.615, ""Actual Rows"": 0, ""Actual Loops"": 1, ""Workers Planned"": 2, ""Workers Launched"": 2, ""Single Copy"": false, ""Plans"": [{""Node Type"": ""Seq Scan"", ""Parent Relationship"": ""Outer"", ""Parallel Aware"": true, ""Relation Name"": ""lineitem"", ""Alias"": ""lineitem"", ""Startup Cost"": 0.0, ""Total Cost"": 143759.67, ""Plan Rows"": 1, ""Plan Width"": 117, ""Actual Startup Time"": 323.2, ""Actual Total Time"": 323.2, ""Actual Rows"": 0, ""Actual Loops"": 3, ""Filter"": ""(l_quantity > '85'::numeric)"", ""Rows Removed by Filter"": 2000405, ""Workers"": []}]}, ""Planning Time"": 0.045, ""Triggers"": [], ""Execution Time"": 420.626}"
64,"{""Plan"": {""Node Type"": ""Seq Scan"", ""Parallel Aware"": false, ""Relation Name"": ""orders"", ""Alias"": ""orders"", ""Startup Cost"": 0.0, ""Total Cost"": 44845.0, ""Plan Rows"": 193867, ""Plan Width"": 107, ""Actual Startup Time"": 0.018, ""Actual Total Time"": 287.388, ""Actual Rows"": 195351, ""Actual Loops"": 1, ""Filter"": ""(o_orderdate > '1997-09-23'::date)"", ""Rows Removed by Filter"": 1304649}, ""Planning Time"": 0.038, ""Triggers"": [], ""Execution Time"": 297.102}"
65,"{""Plan"": {""Node Type"": ""Seq Scan"", ""Parallel Aware"": false, ""Relation Name"": ""orders"", ""Alias"": ""orders"", ""Startup Cost"": 0.0, ""Total Cost"": 44845.0, ""Plan Rows"": 1360817, ""Plan Width"": 107, ""Actual Startup Time"": 2.976, ""Actual Total Time"": 310.588, ""Actual Rows"": 1359068, ""Actual Loops"": 1, ""Filter"": ""(o_orderdate > '1992-08-14'::date)"", ""Rows Removed by Filter"": 140932}, ""Planning Time"": 0.249, ""Triggers"": [], ""Execution Time"": 370.434}"
66,"{""Plan"": {""Node Type"": ""Seq Scan"", ""Parallel Aware"": false, ""Relation Name"": ""orders"", ""Alias"": ""orders"", ""Startup Cost"": 0.0, ""Total Cost"": 44845.0, ""Plan Rows"": 641669, ""Plan Width"": 107, ""Actual Startup Time"": 0.045, ""Actual Total Time"": 327.277, ""Actual Rows"": 642379, ""Actual Loops"": 1, ""Filter"": ""(o_orderdate > '1995-10-08'::date)"", ""Rows Removed by Filter"": 857621}, ""Planning Time"": 0.096, ""Triggers"": [], ""Execution Time"": 359.6}"
67,"{""Plan"": {""Node Type"": ""Seq Scan"", ""Parallel Aware"": false, ""Relation Name"": ""orders"", ""Alias"": ""orders"", ""Startup Cost"": 0.0, ""Total Cost"": 44845.0, ""Plan Rows"": 607138, ""Plan Width"": 107, ""Actual Startup Time"": 0.016, ""Actual Total Time"": 280.16, ""Actual Rows"": 608076, ""Actual Loops"": 1, ""Filter"": ""(o_orderdate > '1995-12-02'::date)"", ""Rows Removed by Filter"": 891924}, ""Planning Time"": 0.042, ""Triggers"": [], ""Execution Time"": 308.12}"
68,"{""Plan"": {""Node Type"": ""Gather"", ""Parallel Aware"": false, ""Startup Cost"": 1000.0, ""Total Cost"": 34922.3, ""Plan Rows"": 148, ""Plan Width"": 107, ""Actual Startup Time"": 147.631, ""Actual Total Time"": 164.17, ""Actual Rows"": 0, ""Actual Loops"": 1, ""Workers Planned"": 2, ""Workers Launched"": 2, ""Single Copy"": false, ""Plans"": [{""Node Type"": ""Seq Scan"", ""Parent Relationship"": ""Outer"", ""Parallel Aware"": true, ""Relation Name"": ""orders"", ""Alias"": ""orders"", ""Startup Cost"": 0.0, ""Total Cost"": 33907.5, ""Plan Rows"": 62, ""Plan Width"": 107, ""Actual Startup Time"": 66.402, ""Actual Total Time"": 66.402, ""Actual Rows"": 0, ""Actual Loops"": 3, ""Filter"": ""(o_orderdate > '1998-12-27'::date)"", ""Rows Removed by Filter"": 500000, ""Workers"": []}]}, ""Planning Time"": 0.272, ""Triggers"": [], ""Execution Time"": 164.218}"
69,"{""Plan"": {""Node Type"": ""Seq Scan"", ""Parallel Aware"": false, ""Relation Name"": ""lineitem"", ""Alias"": ""lineitem"", ""Startup Cost"": 0.0, ""Total Cost"": 187519.01, ""Plan Rows"": 5756029, ""Plan Width"": 117, ""Actual Startup Time"": 0.016, ""Actual Total Time"": 2058.023, ""Actual Rows"": 5761354, ""Actual Loops"": 1, ""Filter"": ""(l_quantity > '2'::numeric)"", ""Rows Removed by Filter"": 239861}, ""Planning Time"": 0.043, ""Triggers"": [], ""Execution Time"": 2383.766}"
70,"{""Plan"": {""Node Type"": ""Seq Scan"", ""Parallel Aware"": false, ""Relation Name"": ""orders"", ""Alias"": ""orders"", ""Startup Cost"": 0.0, ""Total Cost"": 44845.0, ""Plan Rows"": 1214159, ""Plan Width"": 107, ""Actual Startup Time"": 2.929, ""Actual Total Time"": 351.985, ""Actual Rows"": 1212607, ""Actual Loops"": 1, ""Filter"": ""(o_orderdate > '1993-04-07'::date)"", ""Rows Removed by Filter"": 287393}, ""Planning Time"": 0.259, ""Triggers"": [], ""Execution Time"": 416.339}"
71,"{""Plan"": {""Node Type"": ""Gather"", ""Parallel Aware"": false, ""Startup Cost"": 1000.0, ""Total Cost"": 144759.77, ""Plan Rows"": 1, ""Plan Width"": 117, ""Actual Startup Time"": 410.278, ""Actual Total Time"": 442.57, ""Actual Rows"": 0, ""Actual Loops"": 1, ""Workers Planned"": 2, ""Workers Launched"": 2, ""Single Copy"": false, ""Plans"": [{""Node Type"": ""Seq Scan"", ""Parent Relationship"": ""Outer"", ""Parallel Aware"": true, ""Relation Name"": ""lineitem"", ""Alias"": ""lineitem"", ""Startup Cost"": 0.0, ""Total Cost"": 143759.67, ""Plan Rows"": 1, ""Plan Width"": 117, ""Actual Startup Time"": 323.408, ""Actual Total Time"": 323.409, ""Actual Rows"": 0, ""Actual Loops"": 3, ""Filter"": ""(l_quantity > '81'::numeric)"", ""Rows Removed by Filter"": 2000405, ""Workers"": []}]}, ""Planning Time"": 0.308, ""Triggers"": [], ""Execution Time"": 442.62}"
72,"{""Plan"": {""Node Type"": ""Seq Scan"", ""Parallel Aware"": false, ""Relation Name"": ""orders"", ""Alias"": ""orders"", ""Startup Cost"": 0.0, ""Total Cost"": 44845.0, ""Plan Rows"": 415151, ""Plan Width"": 107, ""Actual Startup Time"": 0.416, ""Actual Total Time"": 231.192, ""Actual Rows"": 414617, ""Actual Loops"": 1, ""Filter"": ""(o_orderdate > '1996-10-07'::date)"", ""Rows Removed by Filter"": 1085383}, ""Planning Time"": 0.048, ""Triggers"": [], ""Execution Time"": 247.203}"
73,"{""Plan"": {""Node Type"": ""Gather"", ""Parallel Aware"": false, ""Startup Cost"": 1000.0, ""Total Cost"": 34922.3, ""Plan Rows"": 148, ""Plan Width"": 107, ""Actual Startup Time"": 147.537, ""Actual Total Time"": 150.766, ""Actual Rows"": 0, ""Actual Loops"": 1, ""Workers Planned"": 2, ""Workers Launched"": 2, ""Single Copy"": false, ""Plans"": [{""Node Type"": ""Seq Scan"", ""Parent Relationship"": ""Outer"", ""Parallel Aware"": true, ""Relation Name"": ""orders"", ""Alias"": ""orders"", ""Startup Cost"": 0.0, ""Total Cost"": 33907.5, ""Plan Rows"": 62, ""Plan Width"": 107, ""Actual Startup Time"": 65.462, ""Actual Total Time"": 65.462, ""Actual Rows"": 0, ""Actual Loops"": 3, ""Filter"": ""(o_orderdate > '1998-08-10'::date)"", ""Rows Removed by Filter"": 500000, ""Workers"": []}]}, ""Planning Time"": 0.054, ""Triggers"": [], ""Execution Time"": 150.779}"
74,"{""Plan"": {""Node Type"": ""Seq Scan"", ""Parallel Aware"": false, ""Relation Name"": ""lineitem"", ""Alias"": ""lineitem"", ""Startup Cost"": 0.0, ""Total Cost"": 187519.01, ""Plan Rows"": 3563561, ""Plan Width"": 117, ""Actual Startup Time"": 0.016, ""Actual Total Time"": 2221.317, ""Actual Rows"": 3602799, ""Actual Loops"": 1, ""Filter"": ""(l_quantity > '20'::numeric)"", ""Rows Removed by Filter"": 2398416}, ""Planning Time"": 0.043, ""Triggers"": [], ""Execution Time"": 2444.476}"
75,"{""Plan"": {""Node Type"": ""Gather"", ""Parallel Aware"": false, ""Startup Cost"": 1000.0, ""Total Cost"": 34922.3, ""Plan Rows"": 148, ""Plan Width"": 107, ""Actual Startup Time"": 167.133, ""Actual Total Time"": 183.949, ""Actual Rows"": 0, ""Actual Loops"": 1, ""Workers Planned"": 2, ""Workers Launched"": 2, ""Single Copy"": false, ""Plans"": [{""Node Type"": ""Seq Scan"", ""Parent Relationship"": ""Outer"", ""Parallel Aware"": true, ""Relation Name"": ""orders"", ""Alias"": ""orders"", ""Startup Cost"": 0.0, ""Total Cost"": 33907.5, ""Plan Rows"": 62, ""Plan Width"": 107, ""Actual Startup Time"": 77.653, ""Actual Total Time"": 77.653, ""Actual Rows"": 0, ""Actual Loops"": 3, ""Filter"": ""(o_orderdate > '1998-11-02'::date)"", ""Rows Removed by Filter"": 500000, ""Workers"": []}]}, ""Planning Time"": 0.28, ""Triggers"": [], ""Execution Time"": 183.999}"
76,"{""Plan"": {""Node Type"": ""Seq Scan"", ""Parallel Aware"": false, ""Relation Name"": ""lineitem"", ""Alias"": ""lineitem"", ""Startup Cost"": 0.0, ""Total Cost"": 187519.01, ""Plan Rows"": 5271525, ""Plan Width"": 117, ""Actual Startup Time"": 0.017, ""Actual Total Time"": 2005.057, ""Actual Rows"": 5282745, ""Actual Loops"": 1, ""Filter"": ""(l_quantity > '6'::numeric)"", ""Rows Removed by Filter"": 718470}, ""Planning Time"": 0.043, ""Triggers"": [], ""Execution Time"": 2296.19}"
77,"{""Plan"": {""Node Type"": ""Seq Scan"", ""Parallel Aware"": false, ""Relation Name"": ""orders"", ""Alias"": ""orders"", ""Startup Cost"": 0.0, ""Total Cost"": 44845.0, ""Plan Rows"": 368577, ""Plan Width"": 107, ""Actual Startup Time"": 1.388, ""Actual Total Time"": 468.579, ""Actual Rows"": 368313, ""Actual Loops"": 1, ""Filter"": ""(o_orderdate > '1996-12-20'::date)"", ""Rows Removed by Filter"": 1131687}, ""Planning Time"": 0.119, ""Triggers"": [], ""Execution Time"": 497.499}"
78,"{""Plan"": {""Node Type"": ""Seq Scan"", ""Parallel Aware"": false, ""Relation Name"": ""orders"", ""Alias"": ""orders"", ""Startup Cost"": 0.0, ""Total Cost"": 44845.0, ""Plan Rows"": 440795, ""Plan Width"": 107, ""Actual Startup Time"": 0.021, ""Actual Total Time"": 368.21, ""Actual Rows"": 439659, ""Actual Loops"": 1, ""Filter"": ""(o_orderdate > '1996-08-28'::date)"", ""Rows Removed by Filter"": 1060341}, ""Planning Time"": 0.042, ""Triggers"": [], ""Execution Time"": 398.172}"
79,"{""Plan"": {""Node Type"": ""Seq Scan"", ""Parallel Aware"": false, ""Relation Name"": ""lineitem"", ""Alias"": ""lineitem"", ""Startup Cost"": 0.0, ""Total Cost"": 187519.01, ""Plan Rows"": 2474528, ""Plan Width"": 117, ""Actual Startup Time"": 0.142, ""Actual Total Time"": 1672.956, ""Actual Rows"": 2521858, ""Actual Loops"": 1, ""Filter"": ""(l_quantity > '29'::numeric)"", ""Rows Removed by Filter"": 3479357}, ""Planning Time"": 0.387, ""Triggers"": [], ""Execution Time"": 1790.573}"
80,"{""Plan"": {""Node Type"": ""Gather"", ""Parallel Aware"": false, ""Startup Cost"": 1000.0, ""Total Cost"": 35975.3, ""Plan Rows"": 10678, ""Plan Width"": 107, ""Actual Startup Time"": 0.439, ""Actual Total Time"": 153.627, ""Actual Rows"": 11186, ""Actual Loops"": 1, ""Workers Planned"": 2, ""Workers Launched"": 2, ""Single Copy"": false, ""Plans"": [{""Node Type"": ""Seq Scan"", ""Parent Relationship"": ""Outer"", ""Parallel Aware"": true, ""Relation Name"": ""orders"", ""Alias"": ""orders"", ""Startup Cost"": 0.0, ""Total Cost"": 33907.5, ""Plan Rows"": 4449, ""Plan Width"": 107, ""Actual Startup Time"": 0.213, ""Actual Total Time"": 64.621, ""Actual Rows"": 3729, ""Actual Loops"": 3, ""Filter"": ""(o_orderdate > '1998-07-15'::date)"", ""Rows Removed by Filter"": 496271, ""Workers"": []}]}, ""Planning Time"": 0.041, ""Triggers"": [], ""Execution Time"": 154.115}"
81,"{""Plan"": {""Node Type"": ""Seq Scan"", ""Parallel Aware"": false, ""Relation Name"": ""orders"", ""Alias"": ""orders"", ""Startup Cost"": 0.0, ""Total Cost"": 44845.0, ""Plan Rows"": 1079289, ""Plan Width"": 107, ""Actual Startup Time"": 0.017, ""Actual Total Time"": 316.803, ""Actual Rows"": 1075315, ""Actual Loops"": 1, ""Filter"": ""(o_orderdate > '1993-11-14'::date)"", ""Rows Removed by Filter"": 424685}, ""Planning Time"": 0.037, ""Triggers"": [], ""Execution Time"": 370.117}"
82,"{""Plan"": {""Node Type"": ""Seq Scan"", ""Parallel Aware"": false, ""Relation Name"": ""lineitem"", ""Alias"": ""lineitem"", ""Startup Cost"": 0.0, ""Total Cost"": 187519.01, ""Plan Rows"": 589926, ""Plan Width"": 117, ""Actual Startup Time"": 0.021, ""Actual Total Time"": 1843.732, ""Actual Rows"": 599890, ""Actual Loops"": 1, ""Filter"": ""(l_quantity > '45'::numeric)"", ""Rows Removed by Filter"": 5401325}, ""Planning Time"": 0.046, ""Triggers"": [], ""Execution Time"": 1882.184}"
83,"{""Plan"": {""Node Type"": ""Seq Scan"", ""Parallel Aware"": false, ""Relation Name"": ""lineitem"", ""Alias"": ""lineitem"", ""Startup Cost"": 0.0, ""Total Cost"": 187519.01, ""Plan Rows"": 5635003, ""Plan Width"": 117, ""Actual Startup Time"": 3.66, ""Actual Total Time"": 2141.278, ""Actual Rows"": 5641307, ""Actual Loops"": 1, ""Filter"": ""(l_quantity > '3'::numeric)"", ""Rows Removed by Filter"": 359908}, ""Planning Time"": 0.294, ""Triggers"": [], ""Execution Time"": 2469.826}"
84,"{""Plan"": {""Node Type"": ""Seq Scan"", ""Parallel Aware"": false, ""Relation Name"": ""orders"", ""Alias"": ""orders"", ""Startup Cost"": 0.0, ""Total Cost"": 44845.0, ""Plan Rows"": 1399742, ""Plan Width"": 107, ""Actual Startup Time"": 0.135, ""Actual Total Time"": 405.684, ""Actual Rows"": 1398050, ""Actual Loops"": 1, ""Filter"": ""(o_orderdate > '1992-06-12'::date)"", ""Rows Removed by Filter"": 101950}, ""Planning Time"": 0.26, ""Triggers"": [], ""Execution Time"": 471.601}"
85,"{""Plan"": {""Node Type"": ""Gather"", ""Parallel Aware"": false, ""Startup Cost"": 1000.0, ""Total Cost"": 144759.77, ""Plan Rows"": 1, ""Plan Width"": 117, ""Actual Startup Time"": 378.623, ""Actual Total Time"": 383.309, ""Actual Rows"": 0, ""Actual Loops"": 1, ""Workers Planned"": 2, ""Workers Launched"": 2, ""Single Copy"": false, ""Plans"": [{""Node Type"": ""Seq Scan"", ""Parent Relationship"": ""Outer"", ""Parallel Aware"": true, ""Relation Name"": ""lineitem"", ""Alias"": ""lineitem"", ""Startup Cost"": 0.0, ""Total Cost"": 143759.67, ""Plan Rows"": 1, ""Plan Width"": 117, ""Actual Startup Time"": 309.449, ""Actual Total Time"": 309.449, ""Actual Rows"": 0, ""Actual Loops"": 3, ""Filter"": ""(l_quantity > '73'::numeric)"", ""Rows Removed by Filter"": 2000405, ""Workers"": []}]}, ""Planning Time"": 0.065, ""Triggers"": [], ""Execution Time"": 383.32}"
86,"{""Plan"": {""Node Type"": ""Gather"", ""Parallel Aware"": false, ""Startup Cost"": 1000.0, ""Total Cost"": 144759.77, ""Plan Rows"": 1, ""Plan Width"": 117, ""Actual Startup Time"": 381.32, ""Actual Total Time"": 385.906, ""Actual Rows"": 0, ""Actual Loops"": 1, ""Workers Planned"": 2, ""Workers Launched"": 2, ""Single Copy"": false, ""Plans"": [{""Node Type"": ""Seq Scan"", ""Parent Relationship"": ""Outer"", ""Parallel Aware"": true, ""Relation Name"": ""lineitem"", ""Alias"": ""lineitem"", ""Startup Cost"": 0.0, ""Total Cost"": 143759.67, ""Plan Rows"": 1, ""Plan Width"": 117, ""Actual Startup Time"": 309.252, ""Actual Total Time"": 309.253, ""Actual Rows"": 0, ""Actual Loops"": 3, ""Filter"": ""(l_quantity > '82'::numeric)"", ""Rows Removed by Filter"": 2000405, ""Workers"": []}]}, ""Planning Time"": 0.044, ""Triggers"": [], ""Execution Time"": 385.915}"
87,"{""Plan"": {""Node Type"": ""Seq Scan"", ""Parallel Aware"": false, ""Relation Name"": ""lineitem"", ""Alias"": ""lineitem"", ""Startup Cost"": 0.0, ""Total Cost"": 187519.01, ""Plan Rows"": 1999627, ""Plan Width"": 117, ""Actual Startup Time"": 0.021, ""Actual Total Time"": 2088.478, ""Actual Rows"": 2041467, ""Actual Loops"": 1, ""Filter"": ""(l_quantity > '33'::numeric)"", ""Rows Removed by Filter"": 3959748}, ""Planning Time"": 0.042, ""Triggers"": [], ""Execution Time"": 2214.873}"
88,"{""Plan"": {""Node Type"": ""Gather"", ""Parallel Aware"": false, ""Startup Cost"": 1000.0, ""Total Cost"": 144759.77, ""Plan Rows"": 1, ""Plan Width"": 117, ""Actual Startup Time"": 397.419, ""Actual Total Time"": 427.73, ""Actual Rows"": 0, ""Actual Loops"": 1, ""Workers Planned"": 2, ""Workers Launched"": 2, ""Single Copy"": false, ""Plans"": [{""Node Type"": ""Seq Scan"", ""Parent Relationship"": ""Outer"", ""Parallel Aware"": true, ""Relation Name"": ""lineitem"", ""Alias"": ""lineitem"", ""Startup Cost"": 0.0, ""Total Cost"": 143759.67, ""Plan Rows"": 1, ""Plan Width"": 117, ""Actual Startup Time"": 313.009, ""Actual Total Time"": 313.01, ""Actual Rows"": 0, ""Actual Loops"": 3, ""Filter"": ""(l_quantity > '94'::numeric)"", ""Rows Removed by Filter"": 2000405, ""Workers"": []}]}, ""Planning Time"": 0.319, ""Triggers"": [], ""Execution Time"": 427.8}"
89,"{""Plan"": {""Node Type"": ""Seq Scan"", ""Parallel Aware"": false, ""Relation Name"": ""orders"", ""Alias"": ""orders"", ""Startup Cost"": 0.0, ""Total Cost"": 44845.0, ""Plan Rows"": 1410421, ""Plan Width"": 107, ""Actual Startup Time"": 0.163, ""Actual Total Time"": 380.43, ""Actual Rows"": 1409249, ""Actual Loops"": 1, ""Filter"": ""(o_orderdate > '1992-05-25'::date)"", ""Rows Removed by Filter"": 90751}, ""Planning Time"": 0.412, ""Triggers"": [], ""Execution Time"": 466.07}"
90,"{""Plan"": {""Node Type"": ""Gather"", ""Parallel Aware"": false, ""Startup Cost"": 1000.0, ""Total Cost"": 144759.77, ""Plan Rows"": 1, ""Plan Width"": 117, ""Actual Startup Time"": 405.164, ""Actual Total Time"": 409.999, ""Actual Rows"": 0, ""Actual Loops"": 1, ""Workers Planned"": 2, ""Workers Launched"": 2, ""Single Copy"": false, ""Plans"": [{""Node Type"": ""Seq Scan"", ""Parent Relationship"": ""Outer"", ""Parallel Aware"": true, ""Relation Name"": ""lineitem"", ""Alias"": ""lineitem"", ""Startup Cost"": 0.0, ""Total Cost"": 143759.67, ""Plan Rows"": 1, ""Plan Width"": 117, ""Actual Startup Time"": 333.969, ""Actual Total Time"": 333.969, ""Actual Rows"": 0, ""Actual Loops"": 3, ""Filter"": ""(l_quantity > '90'::numeric)"", ""Rows Removed by Filter"": 2000405, ""Workers"": []}]}, ""Planning Time"": 0.3, ""Triggers"": [], ""Execution Time"": 410.047}"
91,"{""Plan"": {""Node Type"": ""Seq Scan"", ""Parallel Aware"": false, ""Relation Name"": ""orders"", ""Alias"": ""orders"", ""Startup Cost"": 0.0, ""Total Cost"": 44845.0, ""Plan Rows"": 866945, ""Plan Width"": 107, ""Actual Startup Time"": 0.017, ""Actual Total Time"": 294.886, ""Actual Rows"": 864893, ""Actual Loops"": 1, ""Filter"": ""(o_orderdate > '1994-10-18'::date)"", ""Rows Removed by Filter"": 635107}, ""Planning Time"": 0.037, ""Triggers"": [], ""Execution Time"": 333.393}"
92,"{""Plan"": {""Node Type"": ""Seq Scan"", ""Parallel Aware"": false, ""Relation Name"": ""orders"", ""Alias"": ""orders"", ""Startup Cost"": 0.0, ""Total Cost"": 44845.0, ""Plan Rows"": 471891, ""Plan Width"": 107, ""Actual Startup Time"": 3.32, ""Actual Total Time"": 346.998, ""Actual Rows"": 471702, ""Actual Loops"": 1, ""Filter"": ""(o_orderdate > '1996-07-08'::date)"", ""Rows Removed by Filter"": 1028298}, ""Planning Time"": 0.541, ""Triggers"": [], ""Execution Time"": 374.01}"
93,"{""Plan"": {""Node Type"": ""Gather"", ""Parallel Aware"": false, ""Startup Cost"": 1000.0, ""Total Cost"": 144759.77, ""Plan Rows"": 1, ""Plan Width"": 117, ""Actual Startup Time"": 407.814, ""Actual Total Time"": 412.433, ""Actual Rows"": 0, ""Actual Loops"": 1, ""Workers Planned"": 2, ""Workers Launched"": 2, ""Single Copy"": false, ""Plans"": [{""Node Type"": ""Seq Scan"", ""Parent Relationship"": ""Outer"", ""Parallel Aware"": true, ""Relation Name"": ""lineitem"", ""Alias"": ""lineitem"", ""Startup Cost"": 0.0, ""Total Cost"": 143759.67, ""Plan Rows"": 1, ""Plan Width"": 117, ""Actual Startup Time"": 320.482, ""Actual Total Time"": 320.482, ""Actual Rows"": 0, ""Actual Loops"": 3, ""Filter"": ""(l_quantity > '80'::numeric)"", ""Rows Removed by Filter"": 2000405, ""Workers"": []}]}, ""Planning Time"": 0.333, ""Triggers"": [], ""Execution Time"": 412.481}"
94,"{""Plan"": {""Node Type"": ""Seq Scan"", ""Parallel Aware"": false, ""Relation Name"": ""orders"", ""Alias"": ""orders"", ""Startup Cost"": 0.0, ""Total Cost"": 44845.0, ""Plan Rows"": 565544, ""Plan Width"": 107, ""Actual Startup Time"": 0.352, ""Actual Total Time"": 374.315, ""Actual Rows"": 567732, ""Actual Loops"": 1, ""Filter"": ""(o_orderdate > '1996-02-05'::date)"", ""Rows Removed by Filter"": 932268}, ""Planning Time"": 0.039, ""Triggers"": [], ""Execution Time"": 405.109}"
95,"{""Plan"": {""Node Type"": ""Gather"", ""Parallel Aware"": false, ""Startup Cost"": 1000.0, ""Total Cost"": 144759.77, ""Plan Rows"": 1, ""Plan Width"": 117, ""Actual Startup Time"": 410.808, ""Actual Total Time"": 415.612, ""Actual Rows"": 0, ""Actual Loops"": 1, ""Workers Planned"": 2, ""Workers Launched"": 2, ""Single Copy"": false, ""Plans"": [{""Node Type"": ""Seq Scan"", ""Parent Relationship"": ""Outer"", ""Parallel Aware"": true, ""Relation Name"": ""lineitem"", ""Alias"": ""lineitem"", ""Startup Cost"": 0.0, ""Total Cost"": 143759.67, ""Plan Rows"": 1, ""Plan Width"": 117, ""Actual Startup Time"": 340.051, ""Actual Total Time"": 340.051, ""Actual Rows"": 0, ""Actual Loops"": 3, ""Filter"": ""(l_quantity > '80'::numeric)"", ""Rows Removed by Filter"": 2000405, ""Workers"": []}]}, ""Planning Time"": 0.248, ""Triggers"": [], ""Execution Time"": 415.651}"
96,"{""Plan"": {""Node Type"": ""Gather"", ""Parallel Aware"": false, ""Startup Cost"": 1000.0, ""Total Cost"": 144759.77, ""Plan Rows"": 1, ""Plan Width"": 117, ""Actual Startup Time"": 379.338, ""Actual Total Time"": 387.59, ""Actual Rows"": 0, ""Actual Loops"": 1, ""Workers Planned"": 2, ""Workers Launched"": 2, ""Single Copy"": false, ""Plans"": [{""Node Type"": ""Seq Scan"", ""Parent Relationship"": ""Outer"", ""Parallel Aware"": true, ""Relation Name"": ""lineitem"", ""Alias"": ""lineitem"", ""Startup Cost"": 0.0, ""Total Cost"": 143759.67, ""Plan Rows"": 1, ""Plan Width"": 117, ""Actual Startup Time"": 301.716, ""Actual Total Time"": 301.716, ""Actual Rows"": 0, ""Actual Loops"": 3, ""Filter"": ""(l_quantity > '78'::numeric)"", ""Rows Removed by Filter"": 2000405, ""Workers"": []}]}, ""Planning Time"": 0.044, ""Triggers"": [], ""Execution Time"": 387.601}"
97,"{""Plan"": {""Node Type"": ""Seq Scan"", ""Parallel Aware"": false, ""Relation Name"": ""orders"", ""Alias"": ""orders"", ""Startup Cost"": 0.0, ""Total Cost"": 44845.0, ""Plan Rows"": 193867, ""Plan Width"": 107, ""Actual Startup Time"": 0.029, ""Actual Total Time"": 214.005, ""Actual Rows"": 195351, ""Actual Loops"": 1, ""Filter"": ""(o_orderdate > '1997-09-23'::date)"", ""Rows Removed by Filter"": 1304649}, ""Planning Time"": 0.039, ""Triggers"": [], ""Execution Time"": 220.861}"
98,"{""Plan"": {""Node Type"": ""Seq Scan"", ""Parallel Aware"": false, ""Relation Name"": ""orders"", ""Alias"": ""orders"", ""Startup Cost"": 0.0, ""Total Cost"": 44845.0, ""Plan Rows"": 1046512, ""Plan Width"": 107, ""Actual Startup Time"": 0.566, ""Actual Total Time"": 386.68, ""Actual Rows"": 1041781, ""Actual Loops"": 1, ""Filter"": ""(o_orderdate > '1994-01-07'::date)"", ""Rows Removed by Filter"": 458219}, ""Planning Time"": 0.049, ""Triggers"": [], ""Execution Time"": 447.863}"
99,"{""Plan"": {""Node Type"": ""Gather"", ""Parallel Aware"": false, ""Startup Cost"": 1000.0, ""Total Cost"": 144759.77, ""Plan Rows"": 1, ""Plan Width"": 117, ""Actual Startup Time"": 434.28, ""Actual Total Time"": 439.075, ""Actual Rows"": 0, ""Actual Loops"": 1, ""Workers Planned"": 2, ""Workers Launched"": 2, ""Single Copy"": false, ""Plans"": [{""Node Type"": ""Seq Scan"", ""Parent Relationship"": ""Outer"", ""Parallel Aware"": true, ""Relation Name"": ""lineitem"", ""Alias"": ""lineitem"", ""Startup Cost"": 0.0, ""Total Cost"": 143759.67, ""Plan Rows"": 1, ""Plan Width"": 117, ""Actual Startup Time"": 325.962, ""Actual Total Time"": 325.962, ""Actual Rows"": 0, ""Actual Loops"": 3, ""Filter"": ""(l_quantity > '93'::numeric)"", ""Rows Removed by Filter"": 2000405, ""Workers"": []}]}, ""Planning Time"": 0.046, ""Triggers"": [], ""Execution Time"": 439.084}"
